id	FullName	UserName	email	Skills	City	Country
485-36-8255	Phylys Skirling	pskirling28	pskirling28@discovery.com	SFDC	B¨¡z¨¡rak	Afghanistan
837-66-0230	Ban MacAne	bmacaneq2	bmacaneq2@marketwatch.com	SAP HR	Kal¨¡n Deh	Afghanistan
162-49-8923	Francisco Charrett	fcharrettcx	fcharrettcx@forbes.com	eGRC	La¡®l	Afghanistan
624-01-3988	Lillian Goodlife	lgoodlife6j	lgoodlife6j@craigslist.org	ODC	Mard¨©¨¡n	Afghanistan
486-47-6775	Aurel Dmytryk	admytrykhg	admytrykhg@gizmodo.com	WLST	Durr?s	Albania
672-65-1279	Perceval Becket	pbeckethk	pbeckethk@themeforest.net	Accounts Receivable	Kolsh	Albania
462-07-3511	Hobey Grasha	hgrashaij	hgrashaij@slate.com	Olive Oil	Otllak	Albania
378-69-6800	Ado Bunclark	abunclarkji	abunclarkji@cafepress.com	GCCS	Rrasa e Sip?rme	Albania
132-21-5105	Moss Huxstep	mhuxstep2	mhuxstep2@senate.gov	GPS Devices	Shushic?	Albania
434-56-4113	Malvina Skinner	mskinnercd	mskinnercd@nyu.edu	Outlook Express	Vithkuq	Albania
384-79-0274	Aviva Gilfoyle	agilfoylei4	agilfoylei4@earthlink.net	VSTO	Alderetes	Argentina
555-73-0446	Alix Bazell	abazellrb	abazellrb@drupal.org	RTK	Arraga	Argentina
447-98-4894	Kristel Skittrall	kskittrall7n	kskittrall7n@opera.com	DTH	Comodoro Rivadavia	Argentina
183-07-0560	Meagan Edgcombe	medgcombe4g	medgcombe4g@about.com	Quality by Design	Doblas	Argentina
670-40-1874	Rockwell Orlton	rorltonop	rorltonop@weibo.com	Open XML	Federal	Argentina
530-42-5501	Hyatt Proven	hprovenbe	hprovenbe@example.com	CPLEX	Fray Luis A. Beltr¨¢n	Argentina
322-43-6789	Dag Elves	delvesgl	delvesgl@theatlantic.com	NSA-IAM	Laguna Paiva	Argentina
522-81-0504	Garrek Mattacks	gmattacksm4	gmattacksm4@newyorker.com	UB04	R¨ªo Ceballos	Argentina
756-90-5424	Raddie Bertouloume	rbertouloumeck	rbertouloumeck@economist.com	Unit Testing	Saladas	Argentina
123-60-9442	Helen-elizabeth Longdon	hlongdonf9	hlongdonf9@jigsy.com	TSS	Santiago del Estero	Argentina
208-89-5834	Catriona Oldred	coldredi1	coldredi1@wufoo.com	Rapid Prototyping	Santiago del Estero	Argentina
246-54-5658	Esmaria Rollins	erollinsgx	erollinsgx@hatena.ne.jp	Program Management	Villa Mar¨ªa	Argentina
209-72-2003	Barbabas Helsdon	bhelsdon9n	bhelsdon9n@bigcartel.com	RPT	Argel	Armenia
605-59-6191	Mildrid Wixey	mwixey23	mwixey23@ucsd.edu	JMP	Arshaluys	Armenia
446-66-9251	Annette Mion	amionj	amionj@go.com	DDTS	Artimet	Armenia
223-89-3065	Chic Coniam	cconiamr1	cconiamr1@tinypic.com	Radio Host	Artsvanist	Armenia
205-07-8718	Frannie Livermore	flivermoreay	flivermoreay@dion.ne.jp	Space Planning	Aygeshat	Armenia
695-87-6116	Allix Whitmarsh	awhitmarshgw	awhitmarshgw@prlog.org	SRDS	Dimitrov	Armenia
424-71-9648	Romola Perrett	rperrettdg	rperrettdg@berkeley.edu	Air Traffic Control	Khasht¡¯arrak	Armenia
156-02-0505	Oran Raftery	orafteryp7	orafteryp7@4shared.com	OLE	Sydney	Australia
321-20-7220	Jarvis Taggerty	jtaggertyai	jtaggertyai@springer.com	Avid	Biny Selo	Azerbaijan
701-70-3538	Guenna Gorling	ggorlingbj	ggorlingbj@newsvine.com	Diagnostic Ultrasound	Ujar	Azerbaijan
139-19-1745	Iain Fenn	ifennpv	ifennpv@wikispaces.com	IEEE 802.11	Sarish¨¡b¨¡ri	Bangladesh
715-90-2128	Karmen Cathesyed	kcathesyed7b	kcathesyed7b@nifty.com	LP	Khoyniki	Belarus
752-56-6168	Ricca Vase	rvasejq	rvasejq@people.com.cn	FTO	Nyakhachava	Belarus
714-25-4398	Silvan Panketh	spankethjv	spankethjv@gravatar.com	European Affairs	Turets-Bayary	Belarus
441-24-5064	Bunnie Bouskill	bbouskill2u	bbouskill2u@hubpages.com	VMI	Bruxelles	Belgium
816-98-6358	Cletis Blabey	cblabey49	cblabey49@earthlink.net	PDMS Draft	Hinvi	Benin
566-88-0553	Lorry Pezey	lpezeyh4	lpezeyh4@fema.gov	SFTP	Chuqui Chuqui	Bolivia
221-99-7607	Willamina Rew	wrew4z	wrew4z@issuu.com	CMYK	Portachuelo	Bolivia
599-33-1975	Ashleigh Goodier	agoodierkx	agoodierkx@so-net.ne.jp	SDLC	San Francisco	Bolivia
216-46-6230	Merlina Crosgrove	mcrosgrovev	mcrosgrovev@oakley.com	IBM XIV	Orahovica Donja	Bosnia and Herzegovina
595-92-3146	Florie Thursby	fthursbyct	fthursbyct@hp.com	VRTX	Alfenas	Brazil
419-26-4629	Rafaello Collinson	rcollinson2l	rcollinson2l@vimeo.com	VMI Programs	Atalaia	Brazil
143-72-7966	Lianna Gelly	lgelly4s	lgelly4s@europa.eu	Contemporary Art	Barrinha	Brazil
324-56-8669	Trudey Biset	tbiset7e	tbiset7e@drupal.org	MLD	Bertioga	Brazil
837-11-3516	Kerry Cristofari	kcristofarim9	kcristofarim9@redcross.org	CTL	Camet¨¢	Brazil
762-37-5003	Waverley Thomesson	wthomessonpb	wthomessonpb@reverbnation.com	Museums	Campo Maior	Brazil
755-57-8663	Domingo Yakovlev	dyakovlevo6	dyakovlevo6@ezinearticles.com	DBI	Catu	Brazil
317-94-1502	Lola Gilbank	lgilbanki	lgilbanki@prlog.org	Curating	Caxias	Brazil
693-94-6362	Ninnette Mayoh	nmayoh72	nmayoh72@domainmarket.com	CSLA	Colombo	Brazil
601-92-0836	Kameko Darke	kdarkeq7	kdarkeq7@wikimedia.org	MBS	Concei??o da Barra	Brazil
464-99-0372	Virgie Gonnard	vgonnardou	vgonnardou@cdc.gov	Enterprise Risk Management	Curitibanos	Brazil
792-40-3505	Moyna Klambt	mklambti6	mklambti6@independent.co.uk	Japanese Language Proficiency Test	El¨®i Mendes	Brazil
786-14-4898	Selestina Domanski	sdomanski8r	sdomanski8r@cbsnews.com	GSE	Esperan?a	Brazil
150-79-6335	Thorpe Chowne	tchowne76	tchowne76@dot.gov	Enzyme Kinetics	Graja¨²	Brazil
596-96-7220	Stanislas Jiruca	sjiruca1q	sjiruca1q@webmd.com	TLM	Gua¨ªba	Brazil
320-80-0764	Hallsy Cristoforetti	hcristoforettig0	hcristoforettig0@youku.com	Procurement Outsourcing	Guar¨¢	Brazil
122-90-0058	Yank Stanyer	ystanyerng	ystanyerng@phoca.cz	Web Development	Humait¨¢	Brazil
501-77-9058	Dennie Renne	drennea3	drennea3@ezinearticles.com	DMAIC	Itanha¨¦m	Brazil
622-41-0630	Neron Kidson	nkidson5u	nkidson5u@mediafire.com	MicroStation	Itaocara	Brazil
855-48-6888	Reeva Mattiuzzi	rmattiuzzih	rmattiuzzih@jiathis.com	Wireframes	Jo?o Camara	Brazil
180-74-8204	Philip Schinetti	pschinettieb	pschinettieb@pbs.org	CPG Industry	Laranjal Paulista	Brazil
404-48-1599	Petra Norster	pnorster8n	pnorster8n@ameblo.jp	JIRA	Loanda	Brazil
308-42-0596	Elmo Sarjant	esarjantbg	esarjantbg@t.co	Zend Framework	Monte Azul Paulista	Brazil
747-58-6235	Hallsy Brabon	hbrabond2	hbrabond2@homestead.com	GVP	Pacaembu	Brazil
343-95-6451	Liane Blezard	lblezard1s	lblezard1s@desdev.cn	XATA	Palho?a	Brazil
811-28-4846	Sigfrid Adamovicz	sadamovicz0	sadamovicz0@scribd.com	GNS3	Pantano do Sul	Brazil
617-61-8287	Daron Alvarado	dalvaradodj	dalvaradodj@wisc.edu	MVC Architecture	Pedro II	Brazil
301-88-7988	Kenn Thurstan	kthurstan10	kthurstan10@ning.com	Agents	Rancharia	Brazil
169-05-8750	Palmer Bettley	pbettleyz	pbettleyz@umn.edu	Environmental Awareness	Riach?o do Jacu¨ªpe	Brazil
307-10-9547	Robinia Boschmann	rboschmannn0	rboschmannn0@tmall.com	Water Treatment	Ribeir?o Pires	Brazil
766-73-0049	Heywood Laverock	hlaverock2k	hlaverock2k@microsoft.com	Portraits	Santa B¨¢rbara d'Oeste	Brazil
129-14-3991	Daloris Trimby	dtrimby73	dtrimby73@slate.com	VPLS	S?o Jo?o dos Patos	Brazil
287-23-1192	Lester Whiles	lwhiles7x	lwhiles7x@ehow.com	DNSSEC	S?o Joaquim	Brazil
101-26-3781	Dahlia Filshin	dfilshin29	dfilshin29@hc360.com	AV Integration	S?o Pedro	Brazil
290-83-6480	Desirae Pesek	dpesekqn	dpesekqn@sfgate.com	VMware View	Tamba¨²	Brazil
255-79-2647	Clarance Parkyns	cparkynshb	cparkynshb@ucla.edu	MPEG Streamclip	Tapiramut¨¢	Brazil
314-11-8629	Jacinthe Dowsing	jdowsingjl	jdowsingjl@economist.com	Affirmative Action	Vazante	Brazil
582-90-7793	Conrado Emmanuel	cemmanuel78	cemmanuel78@prweb.com	Rugby Union	Vi?osa do Cear¨¢	Brazil
253-13-6946	Davide Sebring	dsebring69	dsebring69@cnbc.com	BDMS	Votuporanga	Brazil
136-04-1610	Hirsch Shutte	hshuttea7	hshuttea7@mail.ru	EIFS	Balgarevo	Bulgaria
846-30-6764	Irvin Oldroyde	ioldroydex	ioldroydex@oaic.gov.au	UFC	Byala Slatina	Bulgaria
517-69-5096	Odelia Sambedge	osambedgeqh	osambedgeqh@mapquest.com	SAP BPC	Primorsko	Bulgaria
667-33-6048	Sheba Ewbanck	sewbanckq	sewbanckq@chicagotribune.com	Utility Mapping	Djibo	Burkina Faso
723-96-5855	Jude Rusbridge	jrusbridgehy	jrusbridgehy@sbwire.com	IT Service Management	Sindou	Burkina Faso
763-05-9634	Penn Malins	pmalinsas	pmalinsas@a8.net	Wound Care	Es¨¦ka	Cameroon
622-46-1675	Scarface Buick	sbuickda	sbuickda@miitbeian.gov.cn	IBM XIV	Ka¨¦l¨¦	Cameroon
387-74-2751	Kit Schukraft	kschukraft7r	kschukraft7r@ihg.com	Amazon VPC	Dollard-Des Ormeaux	Canada
173-63-7255	Fleurette Killik	fkillikrl	fkillikrl@netscape.com	DLC	Fort Erie	Canada
130-49-6692	Jenine Tschiersch	jtschiersch6w	jtschiersch6w@wufoo.com	GxP	Irricana	Canada
402-92-5965	Margalit O'Daly	modalym	modalym@homestead.com	Satellite TV	Montague	Canada
136-09-4581	Zaccaria Torr	ztorr2p	ztorr2p@washington.edu	Oasys	Nelson	Canada
722-88-0314	Antonie Currin	acurrinkp	acurrinkp@pagesperso-orange.fr	Veterinary Medicine	Okanagan	Canada
660-59-5004	Mandi Pugsley	mpugsleyqz	mpugsleyqz@typepad.com	Publishing	Pangnirtung	Canada
116-76-2325	Thatch Ripon	tripon37	tripon37@multiply.com	IEF	Rosthern	Canada
256-12-9581	Jobey Dowsey	jdowseyef	jdowseyef@vimeo.com	Cytogenetics	Berb¨¦rati	Central African Republic
249-60-2914	Nonna Yarn	nyarn8b	nyarn8b@deviantart.com	Employee Benefits	Bimbo	Central African Republic
109-28-2378	Zarla Floyde	zfloydem2	zfloydem2@nps.gov	xUnit	Bitkine	Chad
790-50-9450	Selie Sclater	ssclater70	ssclater70@java.com	CSS	Bongor	Chad
517-31-3414	Laurella Fairtlough	lfairtloughdf	lfairtloughdf@craigslist.org	MVC	Lautaro	Chile
866-07-5607	Wren McLaggan	wmclaggan55	wmclaggan55@over-blog.com	Linux KVM	Los Andes	Chile
480-32-1356	Westbrooke Danelet	wdaneletpz	wdaneletpz@indiatimes.com	FP	Rancagua	Chile
331-42-7359	Barnabe Lanahan	blanahan8u	blanahan8u@aboutads.info	Consulting	San Clemente	Chile
765-45-7009	Sue Kimbley	skimbley2r	skimbley2r@purevolume.com	Ruby	Bailiang	China
263-34-1942	Milton Gallyhaock	mgallyhaock2f	mgallyhaock2f@wikimedia.org	Numerical Ability	Bailianhe	China
531-28-0589	Ailee Ivanov	aivanova	aivanova@facebook.com	RPG	Baixiang	China
582-16-0234	Dominique Birtchnell	dbirtchnell7l	dbirtchnell7l@geocities.jp	FCoE	Baiyang	China
395-03-7435	Maryl Ambrogioni	mambrogionib9	mambrogionib9@china.com.cn	RVM	Baoyang	China
658-02-3723	Rodrigo Monteath	rmonteath31	rmonteath31@comcast.net	Pilates	Bayan Ewenke Minzu	China
240-73-3735	Franklin Sommerled	fsommerled2c	fsommerled2c@noaa.gov	Wyse	Beiqi	China
158-94-7407	Lonnie Wrixon	lwrixong6	lwrixong6@instagram.com	Construction Management	Bohou	China
748-43-6639	Far Browell	fbrowello3	fbrowello3@psu.edu	TNCC	Changlu	China
234-65-1361	Katine Mariault	kmariault3o	kmariault3o@tinypic.com	BGP	Chendong	China
760-47-8135	Dianne Noden	dnoden4r	dnoden4r@oaic.gov.au	KCS	Chengbei	China
790-30-6835	Melissa Skough	mskoughl3	mskoughl3@sitemeter.com	MVC Architecture	Chengguan	China
523-72-6932	Mason de Pinna	mde9l	mde9l@usda.gov	RFID	Chengnan	China
857-27-1555	Bartram MacQuaker	bmacquakerp8	bmacquakerp8@privacy.gov.au	PDF Creator	Chengxiang	China
224-66-0988	Nola Bordis	nbordisn8	nbordisn8@walmart.com	PNR	Chenzhou	China
284-25-2191	Britt Dabbs	bdabbsiv	bdabbsiv@cocolog-nifty.com	Sales Cycle Management	Dabagou	China
269-96-7787	Sly Cavell	scavellmc	scavellmc@springer.com	OECD	Dahua	China
117-10-7490	Alla Long	along5r	along5r@odnoklassniki.ru	VPLS	Dalinhe	China
779-58-4570	Aharon Kirwin	akirwin5h	akirwin5h@techcrunch.com	RWA	Damaishan	China
712-72-6624	Cathi Skeete	cskeetenk	cskeetenk@dedecms.com	MPower	Damaying	China
260-15-4816	Bucky Hannay	bhannaypl	bhannaypl@thetimes.co.uk	Workshop Facilitation	Dashiren	China
354-23-1901	Jaquith Byrth	jbyrthg3	jbyrthg3@cnn.com	Technical Documentation	Dezhou	China
744-75-6907	Fredericka Powlesland	fpowleslandm3	fpowleslandm3@topsy.com	VMware ESX	Dongfeng	China
522-03-5056	Simmonds Parade	sparade30	sparade30@fotki.com	Software Testing Life Cycle	Dongjiao	China
891-55-8282	Claudian Marples	cmarplesps	cmarplesps@intel.com	Pyxis	Dongmaku	China
579-29-7519	Etty Lownsbrough	elownsbrough1k	elownsbrough1k@joomla.org	Pumps	Dongmazar	China
871-39-7196	Quincy Granleese	qgranleeseoz	qgranleeseoz@alexa.com	CFR	Dongming	China
165-17-1130	Diana Hargroves	dhargrovesrm	dhargrovesrm@google.co.uk	TyMetrix	Dongyong	China
452-32-1503	Hephzibah Bussons	hbussonsgj	hbussonsgj@howstuffworks.com	TPU	Ehen Hudag	China
202-53-2684	Marketa Souttar	msouttar7	msouttar7@mozilla.org	Security Awareness	Fenggang	China
113-58-0383	Stacey Cottage	scottagegu	scottagegu@wufoo.com	WDF	Fengshan	China
796-53-1615	Jeromy Cristofaro	jcristofaroge	jcristofaroge@java.com	Economic Development	Fengshuling	China
890-87-7396	Mick Hanby	mhanby1w	mhanby1w@ox.ac.uk	VSOE	Ganfang	China
288-27-2514	Basilius Foulkes	bfoulkesew	bfoulkesew@google.cn	Machine Tools	Ganquan	China
169-16-8686	Silvano Northgraves	snorthgravesjs	snorthgravesjs@illinois.edu	PMI	Gaoliang	China
108-42-1246	Karylin Olivello	kolivelloqc	kolivelloqc@umich.edu	PWE3	Gaomiaoji	China
570-59-9991	Ivan Ibbetson	iibbetsonrp	iibbetsonrp@admin.ch	Luminex	Gaopeng	China
392-54-9445	Amie Jeanel	ajeanelnp	ajeanelnp@google.cn	Administrative Assistance	Gaoping	China
645-35-3515	Ritchie Kerss	rkerss1x	rkerss1x@cdbaby.com	Adult CPR	Guantang	China
471-78-1887	Kattie Kensy	kkensydp	kkensydp@1688.com	Axles	Gubeikou	China
411-97-5236	Tabbatha Staines	tstainesr	tstainesr@chicagotribune.com	CBORD	Gurinai	China
808-14-7338	Merrili Whenman	mwhenmanky	mwhenmanky@uol.com.br	RHIT	Gutian	China
433-91-2891	Kelcy Whale	kwhaledw	kwhaledw@drupal.org	Credit Cards	Gyamco	China
891-37-2593	Marcella Abramamov	mabramamov61	mabramamov61@blogtalkradio.com	Submittals	Haicheng	China
429-19-0034	Laurice Pietruszewicz	lpietruszewicz2j	lpietruszewicz2j@imgur.com	UCCE	Hancheng	China
300-84-8281	Maxie Ivanichev	mivanichevbw	mivanichevbw@utexas.edu	Earned Value Management	Haoxue	China
653-17-8719	Lorant Clemmow	lclemmowqq	lclemmowqq@theglobeandmail.com	dSPACE	Heqing	China
515-44-0567	Andras Vyel	avyelmz	avyelmz@mapquest.com	iPad Development	Heshan	China
583-57-6620	Tamarra Huckle	thuckle82	thuckle82@ehow.com	EEPROM	Heshi	China
753-93-3762	Wheeler Agass	wagasslw	wagasslw@blogger.com	RFP Generation	Hezuo	China
306-30-2273	Andria MacCurtain	amaccurtainjb	amaccurtainjb@google.it	Novell	Hongshi	China
624-77-9018	Joanie Berntssen	jberntssenmk	jberntssenmk@sakura.ne.jp	Ducting	Huashixia	China
317-46-2722	Carissa Ackery	cackery7y	cackery7y@jigsy.com	HSM	Hugang	China
450-58-8542	Dur Holberry	dholberrye	dholberrye@cloudflare.com	Kinect	Hushan	China
589-37-9552	Cherianne Crunkhurn	ccrunkhurn9f	ccrunkhurn9f@studiopress.com	Vehicle Dynamics	Jiahe	China
131-46-4350	Chelsea Turley	cturleylx	cturleylx@t.co	OEM Management	Jiangshan	China
781-54-5315	Vere Tindle	vtindle1g	vtindle1g@webeden.co.uk	Injection Molding	Jincun	China
800-20-8060	Christopher Cello	ccellop	ccellop@photobucket.com	Information Architecture	Jinfeng	China
892-39-6335	Constantino Inett	cinetthi	cinetthi@pbs.org	Information Security Awareness	Jingu	China
745-25-1853	Emile Elven	eelven4e	eelven4e@youtu.be	IT Service Management	Jingzi	China
385-77-1805	Roda Harrison	rharrisonj8	rharrisonj8@economist.com	Zen Shiatsu	Jinsha	China
328-56-7155	Arnaldo Benge	abenge9t	abenge9t@stanford.edu	FTSE 100	Jiuzhou	China
575-47-1310	Yehudi Thoma	ythomait	ythomait@msn.com	Kosher	Jiyang	China
604-22-6493	Montague Bretherton	mbrethertonml	mbrethertonml@sourceforge.net	UG	Junshan	China
279-15-9264	Alden Cusworth	acusworth8o	acusworth8o@zdnet.com	Mycobacteriology	Kaoshan	China
802-25-2165	Lesli Proffitt	lproffittfh	lproffittfh@gnu.org	Bookkeeping	Kezileboyi	China
124-46-0050	Heath Terrazzo	hterrazzon9	hterrazzon9@mapquest.com	Jet Engines	Kupu	China
855-37-7511	Theresa Hof	thofkq	thofkq@archive.org	HUMINT	La¡¯ershan	China
454-90-3258	Doy Halsworth	dhalsworthhw	dhalsworthhw@deviantart.com	Railway	Lancai	China
106-68-2648	Lyman Lyston	llystonfm	llystonfm@loc.gov	Cisco Technologies	Lian	China
325-01-6908	Lockwood Dyerson	ldyerson9c	ldyerson9c@tinypic.com	MLP	Linjiang	China
601-12-3570	Bili Firman	bfirmaniw	bfirmaniw@indiegogo.com	Energy	Linxi	China
179-66-6928	Mikaela Paslow	mpaslow3n	mpaslow3n@google.cn	Athletic Training	Litan	China
294-95-3410	Germayne McIlmorow	gmcilmorowmo	gmcilmorowmo@oracle.com	HTK	Longhe	China
625-52-2961	Franklin Bischop	fbischop2t	fbischop2t@dion.ne.jp	IOT	Lubei	China
690-86-0809	Sarene Behnecke	sbehneckec6	sbehneckec6@admin.ch	GCS	Luyi	China
534-17-1268	Der Niesegen	dniesegenaf	dniesegenaf@aboutads.info	AHLTA	Maishi	China
189-70-8764	Britney Dormon	bdormonkj	bdormonkj@va.gov	RGB	Majiao	China
750-25-1327	Wendeline Lockhurst	wlockhurstr7	wlockhurstr7@reuters.com	Mysis	Maliang	China
140-84-8462	Gayelord Vescovo	gvescovoro	gvescovoro@tamu.edu	Myriad	Mandalt	China
175-78-5020	Gaye Evason	gevason1l	gevason1l@sohu.com	IT Risk Management	Mawu	China
307-46-7883	Homere McHan	hmchaniz	hmchaniz@cbslocal.com	GTAW	Meizhou	China
159-26-0183	Winni Pelman	wpelman85	wpelman85@ca.gov	Commercial Property Owners	Miaoshi	China
266-99-0241	Delinda Maclaine	dmaclainebl	dmaclainebl@adobe.com	Vlookup	Micheng	China
538-68-6327	Celesta Mence	cmencepe	cmencepe@g.co	RHIA	Minzheng	China
772-45-9275	Gigi Vigurs	gvigurs43	gvigurs43@scientificamerican.com	HMI Configuration	Moluo	China
889-91-5503	Russ Jouen	rjouen7d	rjouen7d@gov.uk	JSTOR	Muliang	China
660-48-1030	Krista Dalton	kdaltonfy	kdaltonfy@walmart.com	Personnel Management	Muzidian	China
285-57-5420	Fiona Sawtell	fsawtelloh	fsawtelloh@about.me	Petroleum	Nancheng	China
178-54-6559	Randa Conelly	rconellyj3	rconellyj3@wunderground.com	French	Nanmu	China
253-12-5558	Orv Cannell	ocannell81	ocannell81@tinypic.com	Brand Ambassadorship	Nanshi	China
739-85-4807	Benedicto Gilsthorpe	bgilsthorpe1z	bgilsthorpe1z@cloudflare.com	IAX	Nanyang	China
611-07-3263	Deck Vakhrushin	dvakhrushinat	dvakhrushinat@youtu.be	AOD	Niutian	China
598-09-6407	Shelby Streater	sstreaterhf	sstreaterhf@state.tx.us	NLP	Nizui	China
692-23-6812	Harvey Collumbine	hcollumbinen7	hcollumbinen7@reverbnation.com	GPS Navigation	Pingshui	China
798-42-6114	Janessa Hutchason	jhutchasond9	jhutchasond9@ask.com	MDaemon	Putou	China
170-91-7621	Lannie Pichmann	lpichmann2i	lpichmann2i@nba.com	IDS	Qiaotou	China
568-35-4195	Goldina Grassick	ggrassickia	ggrassickia@storify.com	DNA Sequencing	Qijiang	China
237-52-9252	Roxy Ashburne	rashburneic	rashburneic@tuttocitta.it	PBX	Qinglian	China
319-40-9785	Ogdan Borsay	oborsaygq	oborsaygq@hexun.com	Deep Tissue Massage	Qingshan	China
344-05-2788	Gottfried Langeren	glangerena4	glangerena4@nyu.edu	iHistorian	Qitao	China
278-24-2367	Ella Crippes	ecrippes52	ecrippes52@shop-pro.jp	CNC	Renliu	China
279-60-4758	Dino Speakman	dspeakman2o	dspeakman2o@goodreads.com	CCNA	Rongmei	China
158-56-3348	Allison McCleverty	amcclevertyix	amcclevertyix@rediff.com	New Home Sales	Runjin	China
112-09-2686	Thea Sales	tsalesk3	tsalesk3@economist.com	WGA	Saga	China
599-57-5900	Noelani Hurkett	nhurkett3v	nhurkett3v@icq.com	DNA ligation	Sanchahe	China
899-03-1825	Edouard Zarfai	ezarfai45	ezarfai45@telegraph.co.uk	Java	Shangcunba	China
531-74-7181	Niko Abrahamowitcz	nabrahamowitcz9r	nabrahamowitcz9r@slideshare.net	HPLC	Shanglaxiu	China
312-32-7118	Laureen O'Shiel	loshiel9b	loshiel9b@netvibes.com	Military	Shanhaiguan	China
868-78-5989	Benoite Saunton	bsauntonnz	bsauntonnz@amazon.de	FTTH	Shibi	China
682-54-9492	Coriss Langeley	clangeleypn	clangeleypn@prweb.com	CPA	Shifan	China
508-79-1984	Blondie Behneke	bbehnekeht	bbehnekeht@wikia.com	BFD	Shijing	China
348-34-6875	Sofie Durek	sdureka2	sdureka2@so-net.ne.jp	Lyricist	Shuangfeng	China
707-45-4830	Iormina Grieve	igrieveko	igrieveko@google.pl	Marketing	Shuangxikou	China
135-44-8648	Chrissie Lovie	clovieme	clovieme@hibu.com	Writing	Sifangxi	China
373-55-2532	Berenice Markie	bmarkie3y	bmarkie3y@constantcontact.com	QRC	Songshan	China
869-20-6703	Falkner Blaney	fblaneyek	fblaneyek@bandcamp.com	SQL	Suhong	China
612-55-9266	Maggy Collingwood	mcollingwood5s	mcollingwood5s@bloglines.com	Flight Planning	Sumeng	China
672-36-2934	Brooke Brevitt	bbrevittfa	bbrevittfa@chronoengine.com	Culinary Skills	Suqiaoxiang	China
821-89-8405	Gwenni Lambrick	glambrickm1	glambrickm1@abc.net.au	Apache Pig	Tanghu	China
626-77-2260	Hermia Olenin	holenin6a	holenin6a@ebay.co.uk	Oxidative Stress	Taoyuan	China
107-75-5653	Esma Northern	enorthernkk	enorthernkk@ebay.com	Rural Marketing	Tiehe	China
669-89-5269	Tadio Hoxey	thoxeygr	thoxeygr@cornell.edu	VHF	Tongliao	China
855-99-1835	Kym Abbotts	kabbottsl9	kabbottsl9@linkedin.com	SVM	Tuqiao	China
490-13-0587	Maddie Rottcher	mrottcherot	mrottcherot@prnewswire.com	SDLC	Wangxian	China
316-52-2886	Curr Leaming	cleaming5n	cleaming5n@alexa.com	MBOX	Wangzuizi	China
362-07-5255	Aurora Howett	ahowettof	ahowettof@photobucket.com	Cisco Nexus	Wucun	China
667-54-2503	Beltran Beazleigh	bbeazleigh3r	bbeazleigh3r@qq.com	PVTsim	Wulijie	China
465-69-0971	Karim Castiglione	kcastiglione2y	kcastiglione2y@dell.com	Ubiquitous Computing	Wuling	China
799-99-9262	Cliff Mechem	cmechem6v	cmechem6v@ihg.com	Employment Law	Wuluo	China
635-83-8535	Walsh Fiddeman	wfiddemanf1	wfiddemanf1@spiegel.de	Culinary Skills	Wuyang	China
202-31-5817	Goldina Franzotto	gfranzottoik	gfranzottoik@theglobeandmail.com	DSLAM	Wuyun	China
744-24-4100	Trstram Skayman	tskaymannt	tskaymannt@delicious.com	CPM Scheduling	Xiaji	China
143-20-0729	Edgar Eschelle	eeschellel6	eeschellel6@a8.net	Animation	Xialaba	China
517-19-6936	Brandy Spray	bsprayfc	bsprayfc@rakuten.co.jp	LLC	Xiamao	China
441-99-5979	Thibaud Goldis	tgoldisig	tgoldisig@who.int	DCOM	Xiangcheng	China
134-41-3291	Eldon Kleynermans	ekleynermansk8	ekleynermansk8@npr.org	SSRS	Xiangyang	China
893-92-0939	Genni Winslade	gwinslade9i	gwinslade9i@biblegateway.com	Medical Affairs	Xiaoying	China
341-16-5352	Penny Rosoni	prosoni95	prosoni95@godaddy.com	JConsole	Xiaozhi	China
287-38-9072	Jillie Grishankov	jgrishankovne	jgrishankovne@china.com.cn	UL	Xiaruyue	China
677-96-4896	Irma Cattellion	icattelliona6	icattelliona6@nymag.com	Smartstream TLM	Xibin	China
464-31-4239	Rosanna Dietmar	rdietmar4k	rdietmar4k@microsoft.com	Power Generation	Xiling	China
748-73-9448	Rand Deacock	rdeacockj2	rdeacockj2@desdev.cn	LCMS	Xinchenglu	China
406-13-9071	Olympe Upchurch	oupchurchjh	oupchurchjh@toplist.cz	Single Family Homes	Xingdian	China
817-20-5784	Verile Payler	vpayler3g	vpayler3g@marketwatch.com	OEIC	Xingfu	China
630-18-5457	Alexi Hanhard	ahanhardt	ahanhardt@comcast.net	LynxOS	Xinglin	China
604-72-6521	Lizzy Bollins	lbollinsfs	lbollinsfs@cdbaby.com	Juvenile Justice	Xinshao	China
679-36-7632	Vivyanne Hagley	vhagley3z	vhagley3z@angelfire.com	Dutch	Xinshi	China
263-04-8688	Annemarie Willbraham	awillbrahamie	awillbrahamie@ted.com	Character Animation	Xinyang	China
200-41-6201	Nikaniki Hammelberg	nhammelberglu	nhammelberglu@chicagotribune.com	TL9000	Xinyu	China
482-15-1807	Ollie Tolle	otolle6c	otolle6c@cdc.gov	SMTP	Xiying	China
153-10-1810	Manny MacGall	mmacgallnd	mmacgallnd@canalblog.com	TMA	Xuanhua	China
760-70-8726	Yard Pavkovic	ypavkovicpq	ypavkovicpq@angelfire.com	LTL	Xuezhen	China
408-32-7928	Worthy Nares	wnares3s	wnares3s@about.me	Gcov	Xuyong	China
273-78-5491	Kimbell Bediss	kbediss7o	kbediss7o@springer.com	HTML5	Yancheng	China
560-52-7675	Chrissie Glasscoe	cglasscoe1p	cglasscoe1p@cbsnews.com	Mac &amp; PC platforms	Yanchi	China
253-11-0106	Kathleen Grigoliis	kgrigoliisa1	kgrigoliisa1@seesaa.net	Import	Yangcun	China
669-41-7654	Winne Tichner	wtichner8	wtichner8@scribd.com	SWOT analysis	Yangji	China
422-34-8968	Pepita Gecke	pgeckegf	pgeckegf@europa.eu	OLE	Yaxi	China
726-78-4727	Kaitlyn Warlowe	kwarlowear	kwarlowear@ox.ac.uk	Time Management	Yeniugou	China
679-69-9926	Huberto Everly	heverlybk	heverlybk@google.es	PVCS	Yinghai	China
380-43-6687	Hinze Georg	hgeorgke	hgeorgke@comsenz.com	Ambulatory	Yongfeng	China
403-71-8794	Kelcey Teaser	kteaserde	kteaserde@bloglovin.com	Hummingbird DM	Youcheng	China
663-81-2773	Nicki Jamieson	njamiesonc5	njamiesonc5@godaddy.com	AJAX Frameworks	Yuanqiao	China
810-91-2451	Teriann Esposito	tespositob1	tespositob1@networkadvertising.org	RS/6000	Yuqi	China
702-83-1459	Teddy Lanfranchi	tlanfranchi7m	tlanfranchi7m@myspace.com	Epicor	Yushanpu	China
320-45-4537	Hermina Carreck	hcarreck1m	hcarreck1m@yellowpages.com	Asset Management	Yuzhai	China
812-33-3418	Jacob Adam	jadam8z	jadam8z@hud.gov	Legal Advice	Zhaojia	China
467-79-3875	Aggie Kennewell	akennewelld0	akennewelld0@yellowbook.com	SSOP	Zhaowanzhuang	China
886-18-9110	Dallas Lethbury	dlethbury9k	dlethbury9k@springer.com	McKesson PACS	Zhongshi	China
290-07-9993	Vivien Gruszka	vgruszkahd	vgruszkahd@sakura.ne.jp	YSlow	Zhoushan	China
723-06-7394	Emmi Knibb	eknibba5	eknibba5@surveymonkey.com	Image Manipulation	Zhoutie	China
348-31-2635	Appolonia Mc Meekan	amcpu	amcpu@deliciousdays.com	Mental Health Counseling	Zhuqi	China
483-90-5977	Gregorio Suarez	gsuarezjn	gsuarezjn@mayoclinic.com	Type Rating	Ayapel	Colombia
845-04-6649	Blakeley Pavese	bpavesehx	bpavesehx@google.nl	Wyse	Buenaventura	Colombia
478-82-1219	Rad Yarrow	ryarrow65	ryarrow65@ifeng.com	Audio Editing	C¨¢ceres	Colombia
755-01-8926	Gil Wey	gweyqe	gweyqe@independent.co.uk	European Markets	Caldas	Colombia
157-50-7231	Lissi Goodbar	lgoodbarnu	lgoodbarnu@issuu.com	OLED	Candelaria	Colombia
350-92-3621	Janka McLleese	jmclleesehr	jmclleesehr@army.mil	eGain	Mercaderes	Colombia
814-82-3500	Gerhardine Gyurkovics	ggyurkovicsok	ggyurkovicsok@cargocollective.com	Luxury Homes	Palmira	Colombia
801-31-6908	Adi Bratch	abratchcv	abratchcv@alexa.com	CNG	Palocabildo	Colombia
592-18-2253	Wendye Zieme	wzieme4i	wzieme4i@samsung.com	Koi Ponds	Puerto Nari?o	Colombia
448-96-5283	Flori Jayne	fjayneq3	fjayneq3@comcast.net	GUI development	Salamina	Colombia
198-96-4417	Gordie Klimas	gklimasr6	gklimasr6@washingtonpost.com	Eclipse	San Gil	Colombia
515-07-8260	Thaine Gosby	tgosby97	tgosby97@e-recht24.de	HTRI Software	Tulu¨¢	Colombia
884-86-9817	Noelyn Earlam	nearlamei	nearlamei@rambler.ru	CFOs	Zarzal	Colombia
596-35-2244	Lexine Baldock	lbaldockcy	lbaldockcy@eepurl.com	Yamaha M7CL	Hajoho	Comoros
430-91-7605	Orville Semrad	osemrad94	osemrad94@rakuten.co.jp	HSP	San Rafael	Costa Rica
412-23-5334	Chadwick Duiguid	cduiguidpd	cduiguidpd@acquirethisname.com	Geography	Buje	Croatia
416-30-3222	Kennith Durbyn	kdurbynri	kdurbynri@oakley.com	Estimates	Dubrava	Croatia
456-14-7604	Baxie Laffranconi	blaffranconior	blaffranconior@boston.com	Sustainability	Holgu¨ªn	Cuba
737-07-8398	Kipp Grafham	kgrafhamkt	kgrafhamkt@clickbank.net	Business Valuation	Jaruco	Cuba
258-68-5291	Hinze Tregea	htregea6l	htregea6l@a8.net	ISO 14001	Willemstad	Curacao
798-28-3252	Leonidas Sugar	lsugar8w	lsugar8w@hhs.gov	CQG	Famagusta	Cyprus
601-86-3366	Bronson Vlies	bvliesaq	bvliesaq@senate.gov	BMPs	B?asy	Czech Republic
587-79-4195	Harrie Middiff	hmiddiffq1	hmiddiffq1@amazon.co.uk	Galleries	Chy¨¾ava	Czech Republic
127-11-7032	Shanie Rengger	srengger9	srengger9@w3.org	POS	Frydlant	Czech Republic
421-03-4370	Farlie Mitchley	fmitchley1e	fmitchley1e@bloglovin.com	Nokia Qt	Horn¨ª Jelen¨ª	Czech Republic
340-55-1442	Carny Myrie	cmyrie3w	cmyrie3w@economist.com	RIS	Hvozdn¨¢	Czech Republic
378-02-1498	Timothea Marriott	tmarriottos	tmarriottos@jalbum.net	Advertising	Kory?any	Czech Republic
216-06-2280	Fiorenze Manes	fmanesqr	fmanesqr@opensource.org	Radio Production	Kory?any	Czech Republic
545-36-4674	Tonnie Lyon	tlyoniy	tlyoniy@nydailynews.com	ZeroMQ	Krouna	Czech Republic
584-27-3346	Erina Brimley	ebrimleyif	ebrimleyif@stanford.edu	Therapeutic Massage	Lide?ko	Czech Republic
473-20-5817	Terrence Farr	tfarrnf	tfarrnf@bizjournals.com	BIM	Lo?tice	Czech Republic
421-55-1458	Rubia Biggar	rbiggarkr	rbiggarkr@gravatar.com	XCAP	Lysice	Czech Republic
571-25-4809	Marcelle Lapidus	mlapidusa0	mlapidusa0@dell.com	Trading	Milotice	Czech Republic
417-50-9216	Boyce Raise	braise3i	braise3i@gravatar.com	Object Oriented Software	Radnice	Czech Republic
875-77-8658	Avigdor Kmieciak	akmieciakax	akmieciakax@wsj.com	Mortgage Underwriting	Rokycany	Czech Republic
707-91-2188	Viola Jagg	vjagghs	vjagghs@netvibes.com	PyQt	?t¨ªtn¨¢ nad Vl¨¢?¨ª	Czech Republic
138-71-8746	Rees Fulger	rfulgeroa	rfulgeroa@flickr.com	Human Factors	Velk¨¦ Svato¨¾ovice	Czech Republic
214-03-4683	Francene Gerrad	fgerrad7u	fgerrad7u@cbslocal.com	VxWorks	Z¨¢tor	Czech Republic
732-88-6235	Axe Beade	abeade35	abeade35@amazon.com	Newsletters	Zlonice	Czech Republic
473-43-0016	Janelle Goddert.sf	jgoddertsfiu	jgoddertsfiu@barnesandnoble.com	Training	Bukavu	Democratic Republic of the Congo
629-68-7520	Granthem Mayho	gmayhoal	gmayhoal@ihg.com	PET-CT	Kisangani	Democratic Republic of the Congo
413-82-1328	Siffre Mushett	smushettn6	smushettn6@amazon.de	VoIP	Mwene-Ditu	Democratic Republic of the Congo
665-55-9858	Marena Bilborough	mbilborough9h	mbilborough9h@linkedin.com	OTM	K?benhavn	Denmark
300-47-3033	Sapphira Marchbank	smarchbanku	smarchbanku@soup.io	AutoCAD Civil 3D	Laguna Salada	Dominican Republic
140-85-9479	Mallory Haton	mhatongo	mhatongo@flickr.com	Xinet	Santa Cruz de El Seibo	Dominican Republic
811-42-7150	Darice Menendez	dmenendez18	dmenendez18@shareasale.com	Jasper Reports	Al Kh¨¡rijah	Egypt
458-80-9403	Nerita Milillo	nmilillor4	nmilillor4@edublogs.org	VTune	Idk¨±	Egypt
109-95-1842	Gwendolen Ledington	gledington92	gledington92@time.com	Overseas Experience	Rosetta	Egypt
185-10-7342	Artemis Dictus	adictusg4	adictusg4@list-manage.com	Rock Mechanics	Sumus?¨¡ as Sul?¨¡n¨©	Egypt
121-61-8052	Samuel Corse	scorsecr	scorsecr@people.com.cn	Novell Netware	San Juan Opico	El Salvador
235-56-8981	Jenn Matuszinski	jmatuszinskih1	jmatuszinskih1@europa.eu	Influence Others	Santa Ana	El Salvador
174-26-1081	Alister MacCartair	amaccartair7p	amaccartair7p@blog.com	Chronic Illness	Machinda	Equatorial Guinea
299-33-2215	Casey Heggman	cheggman15	cheggman15@163.com	Luxury	Laagri	Estonia
869-73-5935	Onida Brobeck	obrobeckh8	obrobeckh8@digg.com	pfSense	Tulu Bolo	Ethiopia
846-66-5279	Phillipp Labell	plabell1c	plabell1c@sogou.com	HR Policy Formulation	Hollola	Finland
769-32-3556	Jillane Clapison	jclapisonjf	jclapisonjf@mashable.com	Turn Around Management	Joroinen	Finland
225-38-3695	Paul Beazer	pbeazer1	pbeazer1@dailymail.co.uk	IGMP	Kangasala	Finland
601-56-6699	Ricardo Mewe	rmewebr	rmewebr@nih.gov	ICDL	Kimito	Finland
559-89-3668	Brittni Merton	bmertonel	bmertonel@yellowpages.com	NNTP	Nakkila	Finland
434-62-6893	Maybelle Mendez	mmendez91	mmendez91@hubpages.com	KDB	Pyh?selk?	Finland
655-41-1475	Lazare Malzard	lmalzardak	lmalzardak@dyndns.org	Credit	Bobigny	France
691-29-9331	Allianora Tuting	atutingc0	atutingc0@prweb.com	Bioinformatics	Boulogne-Billancourt	France
489-19-4410	Saxe Meeron	smeeronk7	smeeronk7@psu.edu	VTS	Cachan	France
581-38-9075	Amelia Winsley	awinsleydx	awinsleydx@whitehouse.gov	mTAB	Cernay	France
739-42-6778	Erin Kaming	ekamingn2	ekamingn2@prlog.org	JWICS	Le Mans	France
510-72-8097	Ortensia Nicely	onicelygk	onicelygk@thetimes.co.uk	People Skills	Libourne	France
827-29-6011	Yanaton Halsted	yhalsted6u	yhalsted6u@bbc.co.uk	FCAPS	Marseille	France
198-83-8392	Michail Petroff	mpetroff1y	mpetroff1y@taobao.com	Btrieve	Molsheim	France
862-33-1108	Tomkin Pedrazzi	tpedrazzini	tpedrazzini@tinypic.com	Ethernet	Moulins	France
230-90-8567	Lolly Rojel	lrojelm7	lrojelm7@microsoft.com	Export	Nanterre	France
639-91-9200	Daniele Eckersall	deckersalljp	deckersalljp@nasa.gov	Defect Life Cycle	Niort	France
313-23-1227	Florri Padly	fpadlye9	fpadlye9@furl.net	Xoops	Paris 01	France
425-40-7071	Piotr Bartoszewski	pbartoszewskift	pbartoszewskift@cpanel.net	JavaSE	Paris 09	France
715-71-5602	Melody Rusling	mruslingbi	mruslingbi@cam.ac.uk	Mobile Devices	Poitiers	France
366-21-2829	Randolf Binden	rbindend7	rbindend7@ovh.net	Baan ERP	Poitiers	France
203-89-7532	Stacy Caramuscia	scaramusciagp	scaramusciagp@archive.org	Jazz	Puteaux	France
361-98-7024	Karee Borzoni	kborzoninq	kborzoninq@unicef.org	SQL Tuning	Reims	France
573-49-9729	Dorothy O'Roan	doroand6	doroand6@businessinsider.com	Xbox One	Rennes	France
645-60-5654	Emile Extill	eextillga	eextillga@wisc.edu	HR Transformation	Rueil-Malmaison	France
194-15-0823	Janine Roskilly	jroskilly8t	jroskilly8t@delicious.com	Strategic Thinking	Saint-Avertin	France
497-09-6229	Louis Styles	lstylesce	lstylesce@buzzfeed.com	DFLSS	Strasbourg	France
893-06-1771	Aimil Meeus	ameeusfi	ameeusfi@xing.com	Film	Suresnes	France
544-18-0360	Sacha Mathiassen	smathiassenba	smathiassenba@feedburner.com	Fashion Jewelry	Woippy	France
784-14-4095	Kenn Deveraux	kdeverauxb7	kdeverauxb7@yahoo.co.jp	QFD	Taunoa	French Polynesia
803-69-4488	Trixie Oxtarby	toxtarbypm	toxtarbypm@github.io	Custom Furniture	Ombou¨¦	Gabon
828-76-2743	Rolfe Rigg	rriggqx	rriggqx@senate.gov	SVT	Galleh Manda	Gambia
770-85-6392	Mel Grivori	mgrivorifv	mgrivorifv@smugmug.com	News Writing	Jifarong	Gambia
808-94-7100	Felizio Jurasek	fjurasek9g	fjurasek9g@nydailynews.com	RFI	Kelasuri	Georgia
424-38-0713	Patrizia Boddie	pboddie7i	pboddie7i@scribd.com	Urban Planning	P¡¯rimorsk¡¯oe	Georgia
870-34-1368	Hendrick Paliser	hpaliserq4	hpaliserq4@epa.gov	RCA	Berlin	Germany
394-48-6555	Gal Edgcumbe	gedgcumbems	gedgcumbems@time.com	DFLSS	Hamburg Bramfeld	Germany
866-26-1728	Lamond Kunc	lkunc25	lkunc25@godaddy.com	GWAS	Medina Estates	Ghana
507-63-9569	Aldus Brodeau	abrodeau6x	abrodeau6x@archive.org	FX Derivatives	Antho¨²sa	Greece
871-69-3784	Cody McLese	cmclese3b	cmclese3b@wisc.edu	JPA	Argalast¨ª	Greece
882-80-7559	Julie Champagne	jchampagnegy	jchampagnegy@narod.ru	Essential Oils	Drosi¨¢	Greece
639-07-2767	Veradis Siege	vsiegemj	vsiegemj@delicious.com	Social Justice	Ga?t¨¢nion	Greece
305-46-6875	Celine Vallery	cvalleryes	cvalleryes@statcounter.com	MBE	Kamp¨¢nis	Greece
459-36-3292	Sosanna Empson	sempson9e	sempson9e@chicagotribune.com	NICE Call Recording	Karpokh¨®rion	Greece
125-19-3927	Norry Disdel	ndisdelk6	ndisdelk6@eventbrite.com	Coaching	Nigr¨ªta	Greece
432-95-2580	Ferd Jinkinson	fjinkinson4d	fjinkinson4d@gnu.org	Class Actions	Palaioch¨®ri	Greece
894-11-1985	Roanne Warrack	rwarrackfk	rwarrackfk@cbslocal.com	Aquatint	P¨¢tmos	Greece
486-93-4798	Alejandra Rosin	arosin9a	arosin9a@sakura.ne.jp	LDAP	Pentapl¨¢tano	Greece
376-21-6737	D'arcy Gorges	dgorgesg2	dgorgesg2@ask.com	ASP	Pr¨®machoi	Greece
127-17-6601	Rollie Ardley	rardley2d	rardley2d@bluehost.com	Oxidative Stress	Velest¨ªno	Greece
356-16-4953	Pennie Astlet	pastlet87	pastlet87@jalbum.net	Weapons	Casillas	Guatemala
260-11-0522	Marje Cullington	mcullingtonja	mcullingtonja@google.pl	Adult CPR	Concepci¨®n	Guatemala
382-58-0644	Borden Elion	beliondv	beliondv@globo.com	CCENT	San Mart¨ªn Zapotitl¨¢n	Guatemala
298-46-1400	Cleon Cowpe	ccowpe74	ccowpe74@themeforest.net	User Scenarios	San Pedro Pinula	Guatemala
219-48-7309	Christiana Wadie	cwadie2n	cwadie2n@bravesites.com	ICH-GCP	Santa Luc¨ªa Cotzumalguapa	Guatemala
203-90-1513	Lynette Hughs	lhughsev	lhughsev@trellian.com	SDL Tridion	Mandiana	Guinea
763-99-0409	Seana McGowan	smcgowan4h	smcgowan4h@mashable.com	Database Design	El Benque	Honduras
130-05-3695	Myrtie Masters	mmasterspt	mmasterspt@google.co.uk	ISO 14001	San Juan Pueblo	Honduras
670-68-9028	Karlee Morstatt	kmorstatt67	kmorstatt67@tuttocitta.it	Customer Insight	Budapest	Hungary
347-63-0890	Fairlie Vamplus	fvamplusqy	fvamplusqy@paginegialle.it	DTT	H?fn	Iceland
844-22-5716	Salli Drewitt	sdrewittly	sdrewittly@rediff.com	VLAN	Angkahgede	Indonesia
361-83-2045	Leandra De Brett	ldejc	ldejc@diigo.com	SSIS	Anoek	Indonesia
693-06-0469	Ardys Carberry	acarberryb2	acarberryb2@deviantart.com	Functional Testing	Atawutung	Indonesia
880-39-7126	Mill Heater	mheater5z	mheater5z@livejournal.com	BMC Remedy Ticketing System	Babagan	Indonesia
825-60-8698	Cecil Ahrens	cahrenscg	cahrenscg@jugem.jp	CMC Regulatory Affairs	Babakan	Indonesia
747-51-5441	Archibold Durtnal	adurtnalcq	adurtnalcq@weibo.com	Snow	Banaran	Indonesia
728-07-1662	Lyndsay Esposi	lesposiqu	lesposiqu@ihg.com	UCP	Banjarsari	Indonesia
501-59-8453	Charissa Castellaccio	ccastellaccioe8	ccastellaccioe8@hc360.com	CPFR	Batanghari	Indonesia
620-57-0430	Batsheva Antonacci	bantonaccinr	bantonaccinr@yolasite.com	Lecturing	Bendo	Indonesia
777-95-8750	Aggi Hardisty	ahardistyan	ahardistyan@cbsnews.com	Swift	Biris Daja	Indonesia
601-47-2934	Nickolas Boissier	nboissieroe	nboissieroe@pinterest.com	Sage ERP X3	Blangpulo	Indonesia
592-22-3143	Menard Hume	mhumepf	mhumepf@pcworld.com	Zend Server	Bonsari	Indonesia
606-94-6893	Bartel Macrae	bmacraeem	bmacraeem@smugmug.com	Year End Accounts	Cibinong Satu	Indonesia
563-81-4250	Mitchel McKune	mmckune88	mmckune88@xing.com	WPC	Cibodas	Indonesia
348-90-2434	Andi Clue	aclueob	aclueob@jugem.jp	OODBMS	Cibunar	Indonesia
529-60-6335	Karla Sample	ksampleln	ksampleln@rediff.com	Fedora	Cijoho	Indonesia
461-68-8258	Garv Kinchley	gkinchleydt	gkinchleydt@arstechnica.com	Flight Safety	Cikarang	Indonesia
556-03-1663	Niki Swinnerton	nswinnertonrj	nswinnertonrj@aol.com	Database Design	Cikuda	Indonesia
743-49-7957	Sadie McGrey	smcgreyfb	smcgreyfb@hatena.ne.jp	TIBCO	Cililitan	Indonesia
309-84-6352	Arlette Rendell	arendellgc	arendellgc@facebook.com	Kayak	Cipatujah	Indonesia
832-03-0936	Lilian Beazley	lbeazley6	lbeazley6@google.nl	Therapeutic Areas	Cipunglu	Indonesia
362-36-0130	Rona Drieu	rdrieuhh	rdrieuhh@microsoft.com	Ozone	Cirumput	Indonesia
633-28-5956	Sydney Rockcliffe	srockcliffekg	srockcliffekg@irs.gov	IVD	Cirumput	Indonesia
875-85-6882	Reinaldos Chartres	rchartreso8	rchartreso8@flickr.com	Alzheimer&#39;s Disease	Ciwaru	Indonesia
836-29-6948	Melissa Jaqueminet	mjaqueminetnw	mjaqueminetnw@examiner.com	DDR3	Gambut	Indonesia
841-87-0830	Flora Hoyt	fhoytpk	fhoytpk@so-net.ne.jp	Pyxis	Getung	Indonesia
470-86-2335	Shaine Di Lucia	sdigm	sdigm@w3.org	Posters	Gunungpeundeuy	Indonesia
581-28-5699	Patricio Vales	pvales6p	pvales6p@pbs.org	Leadership	Gupakan	Indonesia
898-63-0053	Beauregard Fendlen	bfendlen5m	bfendlen5m@bluehost.com	TPL	Hantara	Indonesia
498-61-3770	Flor Durie	fdurieaw	fdurieaw@eventbrite.com	AKTA	Isak	Indonesia
573-03-4703	Ranique Yellowlees	ryellowleesav	ryellowleesav@tripod.com	Snacks	Jabungsisir	Indonesia
533-25-3459	Ellary Netley	enetleyra	enetleyra@narod.ru	DCOM	Jayapura	Indonesia
461-46-8093	Ramsay Nacci	rnacci4m	rnacci4m@geocities.com	Cyberlaw	Kabar Utara	Indonesia
791-04-7511	Dorolice Itzakovitz	ditzakovitz77	ditzakovitz77@google.fr	VDI	Kalijeruk	Indonesia
331-59-3239	Gwen Meller	gmeller8h	gmeller8h@mysql.com	VRU	Kampungbaru	Indonesia
181-23-5732	Cheryl Payne	cpayne34	cpayne34@ihg.com	User-centered Design	Kampungruweh	Indonesia
168-67-0075	Mercie Laviss	mlavissap	mlavissap@chicagotribune.com	General Surgery	Karamat	Indonesia
893-46-0548	Mordecai Corrington	mcorrington7t	mcorrington7t@histats.com	Benefits Administration	Karanganyar	Indonesia
226-41-3613	Joey Benwell	jbenwellen	jbenwellen@hatena.ne.jp	European Union Politics	Karanganyar	Indonesia
431-29-8406	Cammi McDool	cmcdoolc	cmcdoolc@prnewswire.com	OTN	Karangbayat	Indonesia
752-09-7165	Adelice Dunmore	adunmoredc	adunmoredc@cafepress.com	Ignatian Spirituality	Karangtengah	Indonesia
338-62-6211	Lanie Normandale	lnormandalecn	lnormandalecn@harvard.edu	NMON	Kasreman Wetan	Indonesia
183-88-4612	Fanchette Shawyer	fshawyerjr	fshawyerjr@symantec.com	Career Counseling	Kasreman Wetan	Indonesia
818-73-2809	Katy Sholl	ksholl48	ksholl48@etsy.com	SAP SRM	Kawangu Satu	Indonesia
693-91-6139	Hendrik McDonnell	hmcdonnells	hmcdonnells@tiny.cc	RHCE	Kebunan	Indonesia
341-55-1587	Filbert L'Hommee	flhommeeqi	flhommeeqi@samsung.com	Temporary Placement	Kertasari	Indonesia
859-62-6847	Chloette Mcasparan	cmcasparanre	cmcasparanre@homestead.com	YMS	Koba	Indonesia
332-87-1591	Carlie Rossant	crossantmv	crossantmv@sfgate.com	DVT	Kokas	Indonesia
617-78-3112	Valerye Rome	vromemq	vromemq@cam.ac.uk	CNAS	Kota Ternate	Indonesia
683-37-0183	Carla Steketee	csteketeek5	csteketeek5@taobao.com	PMCS	Kotabumi	Indonesia
896-11-7457	Bartolomeo Font	bfonth0	bfonth0@w3.org	DNA ligation	Kragan	Indonesia
372-69-2706	Bail Lyston	blyston4q	blyston4q@blog.com	IHE	Labuhan	Indonesia
794-47-0162	Ursala Callaghan	ucallaghanr8	ucallaghanr8@parallels.com	ZeroMQ	Lanta Timur	Indonesia
759-43-8273	Kylila Banck	kbanck24	kbanck24@mapy.cz	Pthreads	Lodan Wetan	Indonesia
438-39-5881	Brunhilde Gerin	bgerinny	bgerinny@blogs.com	OllyDbg	Madura	Indonesia
555-55-3270	Adam Stevenson	astevensond4	astevensond4@unesco.org	McKesson STAR	Maguan	Indonesia
334-07-3337	Ad Prosek	aprosek40	aprosek40@google.com.br	GMDSS	Mander	Indonesia
669-96-0059	Philly Ronaldson	pronaldson4x	pronaldson4x@discovery.com	Start-ups	Mangge	Indonesia
684-94-9979	Erna Van den Bosch	evanc8	evanc8@army.mil	Qt	Matumadua	Indonesia
659-49-3056	Marcile Hebdon	mhebdon6e	mhebdon6e@naver.com	Change Orders	Meliau	Indonesia
150-34-5476	Gwenora Drysdale	gdrysdale6r	gdrysdale6r@telegraph.co.uk	Directing Others	Mensalong	Indonesia
717-92-2314	Hedwig Mozzetti	hmozzettiej	hmozzettiej@yellowpages.com	Entity Framework	Ngajum	Indonesia
252-79-3590	Doralynn Riddoch	driddochdk	driddochdk@i2i.jp	Laptops	Oibioin	Indonesia
271-79-0711	Connie Tolliday	ctollidayd3	ctollidayd3@wikispaces.com	SAP	Padurung	Indonesia
642-10-8656	Miles Bodker	mbodkerrg	mbodkerrg@java.com	FSI	Pakel	Indonesia
139-66-7195	Carline Melton	cmeltonlc	cmeltonlc@netvibes.com	Yellow Pages	Pamedaran	Indonesia
383-53-3037	Axel Cheeseman	acheesemaner	acheesemaner@omniture.com	CFRA	Papringan	Indonesia
347-65-7379	Curran Liff	cliffjm	cliffjm@theguardian.com	RFP Generation	Pasirpengarayan	Indonesia
317-83-8855	Ernesto Hampe	ehampenh	ehampenh@pagesperso-orange.fr	VRML	Patrol	Indonesia
219-33-9998	Walton Colerick	wcolerickgb	wcolerickgb@pcworld.com	uC/OS-II	Plereyan	Indonesia
251-63-8190	Mead Poulsum	mpoulsumnv	mpoulsumnv@webs.com	EF	Polen	Indonesia
779-73-0457	Auria Greenan	agreenanw	agreenanw@csmonitor.com	Sleepwear	Pordapor Barat	Indonesia
725-75-7878	Donetta Morad	dmoraddm	dmoraddm@vkontakte.ru	Igneous Petrology	Purwa	Indonesia
117-21-1192	Loree Seebright	lseebrighte3	lseebrighte3@yandex.ru	Financial Reporting	Rajapeni	Indonesia
670-65-1747	Kat Moryson	kmorysonf2	kmorysonf2@blogspot.com	MyEclipse	Riangderi	Indonesia
184-47-1803	Yasmeen Rasper	yrasper6k	yrasper6k@google.cn	Young People	Rokem Barat	Indonesia
127-62-1921	Antonietta Nuttey	anuttey5l	anuttey5l@cbslocal.com	USDA Rural Housing	Salakuray	Indonesia
763-20-0609	Wilhelm Digger	wdigger2m	wdigger2m@umn.edu	NDM	Salawu	Indonesia
898-12-7094	Saleem Bottelstone	sbottelstone4w	sbottelstone4w@phoca.cz	Ulead VideoStudio	Sampangbitung	Indonesia
310-14-8959	Belinda Godwin	bgodwin6g	bgodwin6g@salon.com	Athletic Performance	Sbo¡¯o	Indonesia
495-40-4392	Lorianna Lewty	llewtyp9	llewtyp9@miitbeian.gov.cn	Diabetes	Sebulu	Indonesia
330-20-6468	Wilfrid Gyford	wgyford3m	wgyford3m@sakura.ne.jp	Political Risk Analysis	Sepatan	Indonesia
329-91-6993	Celine Guarin	cguarin57	cguarin57@businessinsider.com	Organizational Leadership	Serang	Indonesia
368-23-5283	Ingeborg Goodwin	igoodwinfx	igoodwinfx@uol.com.br	GSM	Sidaurip	Indonesia
141-91-3130	Emmeline Koppke	ekoppke2x	ekoppke2x@ihg.com	SBEM	Sidowayah Lor	Indonesia
261-90-5935	Silvain Bartelli	sbartelliea	sbartelliea@buzzfeed.com	VMware Infrastructure	Sobeok	Indonesia
415-17-1239	Renato Conew	rconew9v	rconew9v@un.org	VPLS	Sridadi	Indonesia
251-29-7105	Faulkner Lindblad	flindbladfz	flindbladfz@kickstarter.com	At-risk	Suban Jeriji	Indonesia
411-93-8355	Lizzie Nicholas	lnicholas7w	lnicholas7w@merriam-webster.com	Getting to Yes	Sukadami	Indonesia
538-79-6777	Trace Mayor	tmayorrn	tmayorrn@amazon.co.jp	JCL	Sumber Tengah	Indonesia
608-16-5234	Tibold Symcock	tsymcock9o	tsymcock9o@arstechnica.com	Device Drivers	Sumberkrajan	Indonesia
830-38-7919	Marrissa Le Bosse	mle2h	mle2h@timesonline.co.uk	UK GAAP	Sumberrejo	Indonesia
263-48-4804	Tim Bremond	tbremond8x	tbremond8x@mac.com	CTQ	Sungaibengkal	Indonesia
111-18-0460	Crissie Faughny	cfaughny1b	cfaughny1b@house.gov	Rule Of Law	Tanggeung Kolot	Indonesia
688-62-1550	Brnaba Lindell	blindellfw	blindellfw@tiny.cc	WTL	Tiron	Indonesia
711-68-2933	Remy Wones	rwones4y	rwones4y@businesswire.com	Black Box Testing	Tlogosadang	Indonesia
275-34-5712	Manda Heckner	mhecknerpg	mhecknerpg@reference.com	Phase II Environmental Site Assessments	Tugu	Indonesia
517-22-8673	Lezley Wasteney	lwasteney7z	lwasteney7z@jimdo.com	WDS	Tumpukrenteng	Indonesia
247-76-3645	Eydie Farrear	efarrear5k	efarrear5k@cocolog-nifty.com	MDOP	Tundagan	Indonesia
269-80-8314	Luce Rudolfer	lrudolfernl	lrudolfernl@usnews.com	LMDS	Wadungasri	Indonesia
803-88-8196	Ki Luchelli	kluchelli68	kluchelli68@reference.com	OSGi	Wakduwa¡¯ Barat	Indonesia
538-22-0560	Liuka Petrina	lpetrinabs	lpetrinabs@wired.com	ERDAS Imagine	Wanasari Baleran	Indonesia
502-63-8629	Gwyneth Marrington	gmarringtonh3	gmarringtonh3@baidu.com	Event Management	Warmare	Indonesia
499-60-1450	Tobi Jacson	tjacson93	tjacson93@seesaa.net	Phase II Environmental Site Assessments	Warungawi	Indonesia
859-75-0015	Monica Rowthorne	mrowthorne9w	mrowthorne9w@about.com	LNA	Warungtanjung	Indonesia
550-77-1832	Penni Scutching	pscutchingnx	pscutchingnx@unc.edu	LPIC	Weru	Indonesia
634-86-2661	Riobard McRuvie	rmcruviegd	rmcruviegd@homestead.com	VTC	Winong	Indonesia
226-18-7725	Alfi Coney	aconeym0	aconeym0@devhub.com	Electric Utility	Khv¨¡ns¨¡r	Iran
847-06-2218	Faulkner Gwilt	fgwiltg	fgwiltg@princeton.edu	FBT	¡®Aqrah	Iraq
638-98-5524	Nelli Laviss	nlavissm6	nlavissm6@google.ru	Latin America	Al Miqd¨¡d¨©yah	Iraq
187-90-8277	Stormy Dewick	sdewickjx	sdewickjx@geocities.com	Economic Policy	Ballymun	Ireland
600-99-1686	Josy Rysom	jrysom3e	jrysom3e@t.co	GDS	Dunleer	Ireland
530-29-0095	Bart Brager	bbragerqg	bbragerqg@addtoany.com	PgSQL	Moville	Ireland
140-92-9809	Winny Rooney	wrooneybq	wrooneybq@yahoo.co.jp	CQ5	Mazkeret Batya	Israel
204-74-1497	Lindsay Quarles	lquarles6t	lquarles6t@simplemachines.org	3D Modeling	Genova	Italy
302-88-9363	Wallie Radbone	wradbone4o	wradbone4o@oaic.gov.au	TWS	Anyama	Ivory Coast
272-97-8302	Stesha Bussen	sbussenll	sbussenll@mail.ru	EJB	Bangolo	Ivory Coast
400-91-9767	Harriett Robardet	hrobardetc2	hrobardetc2@delicious.com	AV Integration	Chapelton	Jamaica
687-46-5935	Perrine Rouke	proukeez	proukeez@admin.ch	SS7	Chitose	Japan
765-04-4974	Marc Tanswell	mtanswell11	mtanswell11@usnews.com	FBCB2	Fujioka	Japan
214-72-2835	Nanette Pithie	npithiefn	npithiefn@ustream.tv	Estate Jewelry	Gushikawa	Japan
529-94-7383	Keenan McDonnell	kmcdonnellog	kmcdonnellog@arstechnica.com	International Sales	Ij¨±in	Japan
888-43-1717	Arabelle Oswald	aoswaldj5	aoswaldj5@theatlantic.com	DMX	Iwakura	Japan
725-69-4460	Humberto Van Schafflaer	hvan16	hvan16@usnews.com	Outdoor Education	Kaminoyama	Japan
724-95-3518	Arlyn Sage	asagemm	asagemm@jugem.jp	Road Safety	Kyoto	Japan
424-46-4146	Freida Meecher	fmeecherrq	fmeecherrq@weebly.com	Github	Minamata	Japan
668-31-1874	Steffen Ades	sadescu	sadescu@nba.com	OOS	Musashino	Japan
165-38-3233	Pancho Oxherd	poxherdb8	poxherdb8@biglobe.ne.jp	Corona SDK	Nabari	Japan
254-23-9101	Annie Kleyn	akleynhc	akleynhc@marriott.com	FPGA prototyping	Noshiro	Japan
357-10-7106	Quintina Packman	qpackmankv	qpackmankv@slashdot.org	PCM	Shinj¨­	Japan
380-81-9437	Stacy Simo	ssimolf	ssimolf@storify.com	Biostatistics	Tanashich¨­	Japan
873-78-8902	Gavra Lambden	glambdenf	glambdenf@buzzfeed.com	PyUnit	Tokushima-shi	Japan
382-97-0938	Holly-anne Bercher	hbercher51	hbercher51@issuu.com	Platform LSF	Tonosh¨­	Japan
463-95-6513	Myer Trew	mtrew80	mtrew80@uiuc.edu	MCDBA	Tsushima	Japan
511-39-3154	Rosabel Rewbottom	rrewbottom5w	rrewbottom5w@hostgator.com	Space Planning	Wakkanai	Japan
585-20-7295	Antonio Pfeffer	apfeffer2g	apfeffer2g@illinois.edu	TS	Malk¨¡	Jordan
636-60-8206	Linnie Primak	lprimakbz	lprimakbz@simplemachines.org	Editorial Illustrations	Balyqshy	Kazakhstan
671-38-8292	Sergent Mounsie	smounsieoj	smounsieoj@apple.com	Time &amp; Attendance	Derzhav¨©nsk	Kazakhstan
575-16-4355	Kristos Casellas	kcasellasf0	kcasellasf0@apple.com	SQL Tuning	Tobol	Kazakhstan
881-79-9757	Austin Maypother	amaypotherd1	amaypotherd1@arizona.edu	AQL	¨¹lken	Kazakhstan
392-91-7664	Nelly Cowderay	ncowderayj9	ncowderayj9@guardian.co.uk	QKA	Eldoret	Kenya
335-90-5790	Christabella Drever	cdrever5o	cdrever5o@sakura.ne.jp	NHPA	Kajiado	Kenya
197-26-1812	Kaela Stratford	kstratfordqt	kstratfordqt@google.cn	Urdu	Kapenguria	Kenya
211-48-2540	Lenora Riquet	lriquet9d	lriquet9d@nifty.com	Knowledge Engineering	Kericho	Kenya
657-40-8325	Chuck Buckleigh	cbuckleighgs	cbuckleighgs@craigslist.org	Laboratory	Kipini	Kenya
790-80-7666	Lorelle Fend	lfendbu	lfendbu@whitehouse.gov	Object Pascal	Lugulu	Kenya
445-79-3185	Hilary Lanmeid	hlanmeidgi	hlanmeidgi@hugedomains.com	Zend Server	Nyeri	Kenya
291-35-3514	Aylmar Kennerley	akennerleyeg	akennerleyeg@marriott.com	Failure Analysis	Lebedinovka	Kyrgyzstan
542-70-4369	Syd Benmore	sbenmore20	sbenmore20@github.com	TFTP	Soukkouma	Laos
767-76-3772	Ade Chillingsworth	achillingsworthqd	achillingsworthqd@ihg.com	Yeast two-hybrid	Iecava	Latvia
814-47-1620	Stewart Kinney	skinneyi5	skinneyi5@sbwire.com	Awareness Raising	M¨¥rsrags	Latvia
169-60-0941	Cori Quesne	cquesne4j	cquesne4j@cbsnews.com	jQuery	Smiltene	Latvia
513-52-6980	Dionne Megarrell	dmegarrellkb	dmegarrellkb@uol.com.br	Glassfish	Stende	Latvia
849-42-9917	Hadria Scrase	hscrasepw	hscrasepw@parallels.com	Regulatory Affairs	Vi?¨¡ni	Latvia
181-08-8626	Christalle Pendrigh	cpendrighld	cpendrighld@thetimes.co.uk	JDE CNC	Ei?i?k?s	Lithuania
875-97-1523	Izzy Mallabone	imallabone32	imallabone32@wunderground.com	JReport	Kulautuva	Lithuania
380-72-2489	Saudra Bauldry	sbauldry3t	sbauldry3t@symantec.com	Office Management	Varniai	Lithuania
887-48-1175	Shalne Van de Castele	svanox	svanox@live.com	Employee Engagement	Pirava	Macedonia
428-75-4840	Jehanna Pont	jpontna	jpontna@creativecommons.org	MDF	Moramanga	Madagascar
610-53-8476	Emlen Durdle	edurdleoq	edurdleoq@auda.org.au	SDI	Vavatenina	Madagascar
217-81-9677	Nanine Decker	ndeckerla	ndeckerla@sfgate.com	Prototype.js	Luchenza	Malawi
774-56-6873	Chane Chetwynd	cchetwynd47	cchetwynd47@redcross.org	SDL	Johor Bahru	Malaysia
749-90-2252	Bobette Stallworthy	bstallworthyr9	bstallworthyr9@chicagotribune.com	DC Power	Pulau Pinang	Malaysia
193-31-6806	Rhonda Elstub	relstubl	relstubl@chron.com	FMVSS	Le Lamentin	Martinique
874-98-3750	Cora Harrad	charradey	charradey@howstuffworks.com	Rhino	Adolfo Lopez Mateos	Mexico
509-04-3913	Lauryn Stennard	lstennard5e	lstennard5e@sciencedirect.com	VNA	Altavista	Mexico
378-23-5959	Berne Lakenden	blakendenlz	blakendenlz@smugmug.com	Footwear	Emiliano Zapata	Mexico
193-08-7684	Nobie Fontel	nfonteldb	nfonteldb@kickstarter.com	Entrust PKI	Fernando Gutierrez Barrios	Mexico
187-54-3293	Benson Bettis	bbettis3	bbettis3@cisco.com	Offshoring	La Libertad	Mexico
329-74-2505	Ethyl Rosario	erosario9m	erosario9m@home.pl	Practice CS	Libertad	Mexico
354-74-0153	Glendon Jurries	gjurrieskc	gjurrieskc@canalblog.com	MX960	Lindavista	Mexico
682-11-9352	Ferdinand Liepmann	fliepmannd8	fliepmannd8@wikispaces.com	Sales Cycle Management	San Jose	Mexico
707-24-2003	Merla Caller	mcallerfp	mcallerfp@alibaba.com	IICRC Certified	Makur	Micronesia
608-96-2849	Dalt Harvie	dharviebm	dharviebm@home.pl	ABR	T?gr?g	Mongolia
167-92-1560	Kerri Londors	klondors4c	klondors4c@nba.com	SEP IRA	Aguelmous	Morocco
597-51-5706	Brendin Houliston	bhouliston33	bhouliston33@weebly.com	Yamaha M7CL	El A?oun	Morocco
563-29-2145	Rikki Simka	rsimka86	rsimka86@rakuten.co.jp	Gel Electrophoresis	Khemisset	Morocco
513-52-7818	Dee dee Layburn	ddeeb5	ddeeb5@nydailynews.com	Corporate Communications	Mohammedia	Morocco
883-94-5843	Shepperd McWard	smcwardbb	smcwardbb@bing.com	NHL	Moulay Abdallah	Morocco
751-41-0569	Berkie Udale	budale96	budale96@uiuc.edu	Green Belt	Oued Laou	Morocco
644-21-8696	Nixie Canet	ncanetpy	ncanetpy@elegantthemes.com	LSAT	Tamorot	Morocco
287-84-2623	Doyle Girton	dgirton3c	dgirton3c@scientificamerican.com	Durable Goods	Quelimane	Mozambique
728-25-0837	Savina Nichol	snicholn5	snicholn5@t-online.de	Oil Industry	Mogok	Myanmar
529-03-1301	Jeannie Vinnick	jvinnickp0	jvinnickp0@phpbb.com	Utilization	Pyin Oo Lwin	Myanmar
436-87-1796	Aridatha Osborn	aosborn1a	aosborn1a@technorati.com	HDCAM	Otjimbingwe	Namibia
429-65-3025	Barbee Wolfart	bwolfartle	bwolfartle@bing.com	NVivo	Hitura	Nepal
190-26-4976	Court Muldrew	cmuldrew6f	cmuldrew6f@wikipedia.org	POS	Amsterdam-Oost	Netherlands
231-38-7114	Sande Whimper	swhimperhn	swhimperhn@stanford.edu	Active DoD Secret Clearance	Emmen	Netherlands
638-19-9585	Tucker Flemmich	tflemmicho4	tflemmicho4@nature.com	Object Oriented Modeling	Maastricht	Netherlands
428-08-4510	Thorpe Dunnet	tdunnet5	tdunnet5@blogger.com	Xalan	Tilburg	Netherlands
790-23-9170	Delcine Attreed	dattreed1t	dattreed1t@list-manage.com	SVG	North Shore	New Zealand
515-13-8952	Timotheus Iorizzo	tiorizzodl	tiorizzodl@typepad.com	ICT	Nuevo Amanecer	Nicaragua
881-64-8901	Kaitlynn Crowcher	kcrowcherqm	kcrowcherqm@google.de	DBs	Bin Yauri	Nigeria
241-42-7915	Devlin Summerside	dsummerside3j	dsummerside3j@dailymotion.com	Cyber-security	Gamawa	Nigeria
117-31-9482	Yelena Celez	ycelezlv	ycelezlv@digg.com	Rural Development	Kano	Nigeria
240-36-7812	Clevie Medhurst	cmedhurst8m	cmedhurst8m@hostgator.com	QML	Lapai	Nigeria
721-57-1408	Morna McCardle	mmccardle9j	mmccardle9j@ihg.com	WPF	Lere	Nigeria
704-03-0146	Karoline Hegley	khegleyrc	khegleyrc@home.pl	Nielsen Data	Lere	Nigeria
857-41-1629	Elsie Rapps	erappsfl	erappsfl@netlog.com	Job Evaluation	Onueke	Nigeria
426-57-2697	Schuyler Beachamp	sbeachampc3	sbeachampc3@kickstarter.com	WTX	Osogbo	Nigeria
828-04-0220	Halie Krishtopaittis	hkrishtopaittisb3	hkrishtopaittisb3@twitpic.com	OAM	Shaffa	Nigeria
761-80-0377	Nicolais Hymans	nhymans89	nhymans89@redcross.org	Residential Mortgages	Yandev	Nigeria
393-18-4897	Stillmann Greenough	sgreenoughl2	sgreenoughl2@soup.io	Amadeus GDS	Yandev	Nigeria
755-15-5278	Ban Olner	bolneron	bolneron@photobucket.com	Talent Acquisition	Zadawa	Nigeria
681-22-4896	Eleonore Hains	ehains5j	ehains5j@123-reg.co.uk	IP CCTV	Chaery?ng-?p	North Korea
550-66-1760	Ammamaria Dalgardno	adalgardno98	adalgardno98@hugedomains.com	Squid	Kapsan-?p	North Korea
368-68-3480	Timmy Hurdman	thurdman7k	thurdman7k@house.gov	Shipping	Sakchu-?p	North Korea
518-45-1066	Leon Springtorp	lspringtorpmb	lspringtorpmb@163.com	SRDF	Sil-li	North Korea
305-40-3324	Shay Lexa	slexao1	slexao1@goo.ne.jp	JES2	Bod?	Norway
834-46-8035	Jessy Siddall	jsiddallhm	jsiddallhm@cyberchimps.com	HDX	Gj?vik	Norway
864-57-6565	Chloris Morse	cmorsekl	cmorsekl@amazonaws.com	DFSS	Oslo	Norway
561-92-1878	Florance Annear	fannearl7	fannearl7@canalblog.com	Policy Analysis	Oslo	Norway
487-99-8257	Rebekkah Winckles	rwincklesjw	rwincklesjw@howstuffworks.com	Geomatics	Ulset	Norway
670-16-1083	Alma Hannan	ahannangh	ahannangh@dailymail.co.uk	Graphic Design	Chitral	Pakistan
389-55-7617	Wyn Sanpher	wsanpheroy	wsanpheroy@tmall.com	Tax Research	Kh¨¡npur	Pakistan
745-93-6302	Xenos Scowcraft	xscowcraft8j	xscowcraft8j@google.com.hk	SLC500	M¨¡tli	Pakistan
675-76-1195	Shana Duffett	sduffett50	sduffett50@digg.com	Mood Boards	Utm¨¡nzai	Pakistan
753-01-8301	Nanete Sanford	nsanforddo	nsanforddo@sakura.ne.jp	Finance	Bil¡®¨©n	Palestinian Territory
610-98-6495	Nissa Wasbrough	nwasbroughca	nwasbroughca@yandex.ru	SBA	Farkhah	Palestinian Territory
204-69-5498	Mady Elijahu	melijahu2e	melijahu2e@163.com	New Media	?¨±b¨¡s	Palestinian Territory
106-26-0294	Pauly Studders	pstudders4n	pstudders4n@ibm.com	BMP design	Changuinola	Panama
508-34-4727	Dalis Dowle	ddowlelp	ddowlelp@wix.com	Euphonium	Nueva Gorgona	Panama
866-94-9186	Vincenty Chasles	vchasles5b	vchasles5b@bloomberg.com	Theatre	Cerrito	Paraguay
641-67-1009	Rutger Mixhel	rmixheldr	rmixheldr@va.gov	Unfair Competition	Naranjal	Paraguay
264-73-1486	Siward Winear	swinearpx	swinearpx@google.com.au	Offshore Oil	Acas	Peru
764-97-8802	Clark Kirby	ckirbymd	ckirbymd@artisteer.com	EIM	Aco	Peru
345-38-6057	Hercule Bale	hbale8i	hbale8i@apache.org	PVC	Asquipata	Peru
337-51-8429	Emmalynn Tibbits	etibbitsl4	etibbitsl4@furl.net	AAAHC	Cabanilla	Peru
170-87-1197	Delaney Dilks	ddilksby	ddilksby@360.cn	Scientific Writing	Colcabamba	Peru
290-66-7304	Jeralee Tingly	jtinglyjd	jtinglyjd@va.gov	GMDSS	Huancaray	Peru
783-54-0169	Aile Sercombe	asercombefd	asercombefd@nature.com	SDL Tridion	I?apari	Peru
836-15-2900	Erl Moynham	emoynhamls	emoynhamls@i2i.jp	IxChariot	Iquipi	Peru
121-32-2271	Revkah Nosworthy	rnosworthylg	rnosworthylg@google.ru	High Sense Of Urgency	Juli	Peru
275-81-9382	Emili Debell	edebell1o	edebell1o@ox.ac.uk	Rhetoric	Llacanora	Peru
603-49-5614	Roana De Carlo	rde2w	rde2w@china.com.cn	OHSAS 18001	Moquegua	Peru
199-88-1344	Hali Jepps	hjeppsb6	hjeppsb6@google.com.br	RDFa	Morcolla	Peru
269-33-5997	Mercie Priditt	mpridittm8	mpridittm8@moonfruit.com	Bookkeeping	Olmos	Peru
356-49-8822	Sid Kinastan	skinastan46	skinastan46@ehow.com	Benefits Administration	Santa Rosa	Peru
812-01-1715	Joannes Kulvear	jkulvearma	jkulvearma@unesco.org	European Union	Shatoja	Peru
302-24-8092	Artie Ohms	aohmsrh	aohmsrh@ox.ac.uk	News Writing	Sorochuco	Peru
840-07-3892	Cherilynn Rarity	crarity83	crarity83@sourceforge.net	GPIB	Surcubamba	Peru
776-66-2974	Bobbye Gingle	bgingleje	bgingleje@themeforest.net	MCAD	Tambo Grande	Peru
644-98-1761	Teirtza Hansmann	thansmann8f	thansmann8f@stanford.edu	Contemporary Art	Tingo Mar¨ªa	Peru
191-73-9545	Vinni Morcom	vmorcomg5	vmorcomg5@de.vu	Icon Design	Tunal	Peru
578-31-4331	Gamaliel Segrott	gsegrottci	gsegrottci@fastcompany.com	Getting to Yes	Yanacancha	Peru
166-97-6248	Ruddie Starr	rstarrmw	rstarrmw@ask.com	AP Style	Aganan	Philippines
121-23-1569	Vivianne Roisen	vroisenrf	vroisenrf@ca.gov	Frozen Food	Almaguer North	Philippines
703-67-7614	Oralie Potbury	opotbury21	opotbury21@ted.com	MyEclipse	Angadanan	Philippines
503-84-2733	Melisent Menco	mmencoi7	mmencoi7@blogspot.com	Cellular Communications	Baclayon	Philippines
586-26-1725	Karolina Gilliard	kgilliard84	kgilliard84@ezinearticles.com	Attorneys	Bakung	Philippines
395-60-2174	Catha Willoughby	cwilloughbyi3	cwilloughbyi3@topsy.com	VM	Balingasag	Philippines
463-27-1602	Arlinda Stenbridge	astenbridgeq0	astenbridgeq0@tiny.cc	Swimming	Banos	Philippines
897-98-2937	Dominic Liccardi	dliccardi12	dliccardi12@topsy.com	EPC	Barbaza	Philippines
504-51-2266	Maressa Norris	mnorris3k	mnorris3k@squidoo.com	MDS	Batasan Bata	Philippines
585-65-0930	Margit De Lascy	mdens	mdens@arstechnica.com	NICU	Battung	Philippines
164-02-9222	Wilona Stanger	wstangerl1	wstangerl1@csmonitor.com	Amadeus	Bongued	Philippines
212-16-7665	Aviva Rumbellow	arumbellow6o	arumbellow6o@merriam-webster.com	Japanese Business Culture	Cabugao	Philippines
560-59-0904	Jessica Massimo	jmassimois	jmassimois@slate.com	FMCSR	Cayungnan	Philippines
269-82-8090	Lynnell Swane	lswaner0	lswaner0@myspace.com	EOL	Damulog	Philippines
672-74-5986	Ad Curthoys	acurthoys8p	acurthoys8p@google.pl	GML	Danao	Philippines
482-85-7677	Agosto Dalgardno	adalgardnoau	adalgardnoau@themeforest.net	Luxury	Do?a Remedios Trinidad	Philippines
211-84-4826	Ferd Cassam	fcassambx	fcassambx@godaddy.com	Oozie	Dumalneg	Philippines
104-28-7767	Tucky Sowerbutts	tsowerbutts5t	tsowerbutts5t@dropbox.com	Durable Goods	Enrile	Philippines
280-28-2192	Jeramey Martt	jmarttpr	jmarttpr@hud.gov	Oil &amp; Gas Law	Halayhayin	Philippines
833-71-2319	Nani Dowdam	ndowdamee	ndowdamee@wired.com	BGAN	Kalamangog	Philippines
540-63-9011	Stephan Pinar	spinarqk	spinarqk@umich.edu	CGI	Kalibo (poblacion)	Philippines
755-69-6153	Waylon Welford	wwelford8a	wwelford8a@ning.com	RPG	La Paz	Philippines
458-96-4295	Sissy Vondruska	svondruskain	svondruskain@t.co	Venture Capital	Lapaz	Philippines
376-21-3373	Leora Simakov	lsimakovbf	lsimakovbf@wunderground.com	Small Business Development	Limulan	Philippines
252-55-4375	Marie-jeanne O'Growgane	mogrowganeli	mogrowganeli@un.org	RDMA	Looc	Philippines
631-88-3077	Dill Berthelmot	dberthelmot2q	dberthelmot2q@si.edu	RQM	Maanas	Philippines
415-64-7637	Cully Ramsay	cramsay9x	cramsay9x@fastcompany.com	CFTC	Magsaysay	Philippines
296-70-6048	Goldie Dalglish	gdalglishnj	gdalglishnj@wordpress.org	SQL DB2	Mainit	Philippines
403-38-1706	Eleen Renac	erenacg8	erenacg8@bravesites.com	Business Analysis	Malasiqui	Philippines
336-80-6222	Alli Old	aoldf7	aoldf7@is.gd	Multi-color Flow Cytometry	Malawa	Philippines
386-76-0412	Stinky Penvarne	spenvarne5c	spenvarne5c@ibm.com	RUP	Malino	Philippines
697-20-0308	Maryjane Seamen	mseameno0	mseameno0@imdb.com	VCAT	Manalad	Philippines
803-79-3527	Nissa Hotchkin	nhotchkin7f	nhotchkin7f@cocolog-nifty.com	Customer Engagement	Mangaldan	Philippines
435-22-9640	Timofei Common	tcommonmr	tcommonmr@printfriendly.com	AX 2009	Manquiring	Philippines
657-84-7309	Katuscha Pactat	kpactatj0	kpactatj0@yelp.com	Public Health	Minapan	Philippines
452-28-9398	Jobi Le Pine	jleds	jleds@marriott.com	Kontakt	Molave	Philippines
843-51-2134	Germana Morigan	gmorigan2b	gmorigan2b@behance.net	Tcsh	Nailong	Philippines
679-10-8772	Caroline Gringley	cgringleymg	cgringleymg@pagesperso-orange.fr	FTP	New Agutaya	Philippines
826-77-4834	Brennan Pape	bpapea9	bpapea9@businessweek.com	Fund Accounting	Oslob	Philippines
142-13-4531	Bary Durrant	bdurrante0	bdurrante0@gov.uk	VLS	Paclolo	Philippines
769-50-2804	Stefa Fothergill	sfothergillf8	sfothergillf8@homestead.com	CFD	Pangao	Philippines
455-07-4703	Lavinie Jenik	ljeniklb	ljeniklb@jugem.jp	Ninja Skills	Paoay	Philippines
348-65-5943	Washington Leighton	wleightonq8	wleightonq8@irs.gov	PKMS	Patique	Philippines
654-13-9735	Lorinda Kuhnke	lkuhnkei8	lkuhnkei8@linkedin.com	Snowboarding	Quezon	Philippines
823-47-4745	Sascha Garlette	sgarlettefe	sgarlettefe@foxnews.com	Animal Behavior	Quinipot	Philippines
214-93-2701	Padgett Fyfield	pfyfield5i	pfyfield5i@va.gov	Video Games	Robonkon	Philippines
423-39-4525	Verney Pizey	vpizeye7	vpizeye7@artisteer.com	CISSP	Ronda	Philippines
339-52-8094	Giordano Lanigan	glaniganep	glaniganep@squidoo.com	SAP Business ByDesign	Sagay	Philippines
766-89-8338	Morse Thomsson	mthomssonib	mthomssonib@irs.gov	Qt Creator	San Antonio	Philippines
693-54-7018	Denna Obray	dobrayj7	dobrayj7@yahoo.com	DBU	Santa Cruz	Philippines
429-83-6068	Chloe Duddle	cduddlejj	cduddlejj@ycombinator.com	UDDI	Santa Lucia	Philippines
579-51-4405	Pris Reinard	preinardpc	preinardpc@dailymail.co.uk	Non-profit Leadership	Santa Praxedes	Philippines
357-54-3276	Stinky Salters	ssalters22	ssalters22@xinhuanet.com	FFA	Santa Teresita	Philippines
484-77-2305	Clareta Bushell	cbushellcl	cbushellcl@jimdo.com	MMIC	Sinait	Philippines
805-08-5924	Benetta Cockerell	bcockerellb0	bcockerellb0@liveinternet.ru	Citrix XenApp	Tagbacan Ibaba	Philippines
649-55-3317	Jobey O'Nions	jonionsio	jonionsio@telegraph.co.uk	Current Affairs	Tangub	Philippines
648-87-7306	Gran Moxom	gmoxom6m	gmoxom6m@youku.com	Turn Around Management	Tinampo	Philippines
647-48-9819	Carey Whooley	cwhooley9z	cwhooley9z@stanford.edu	Phase II Environmental Site Assessments	Tubalan	Philippines
330-87-3394	Valry Cruse	vcruse5g	vcruse5g@ameblo.jp	Buyer Representation	Vitali	Philippines
208-26-1999	Ivory Burrage	iburrage9y	iburrage9y@google.es	Wind Turbines	Zamboanguita	Philippines
318-76-9337	Dannie Gethen	dgethenfu	dgethenfu@cdc.gov	Typing	Babica	Poland
734-26-3995	Bride Dilleston	bdillestonhe	bdillestonhe@springer.com	FWSM	Bukowiec	Poland
549-67-4814	Brit Morrall	bmorrall9q	bmorrall9q@shareasale.com	Power Generation	Cedry Wielkie	Poland
360-63-5830	Tandi Craigmile	tcraigmilelo	tcraigmilelo@earthlink.net	Successful Business Owner	Cedry Wielkie	Poland
145-04-7311	Shermy Brownbill	sbrownbill1d	sbrownbill1d@cornell.edu	Oilfield	Chyn¨®w	Poland
662-25-9673	Jakob Palmar	jpalmarho	jpalmarho@360.cn	UVLayout	Gorzyce	Poland
239-89-1870	Reginauld Heskey	rheskeyeh	rheskeyeh@xinhuanet.com	IICRC Certified	Gostynin	Poland
740-29-4375	Trefor Souley	tsouley6y	tsouley6y@flavors.me	MQSI	Horn¨®wek	Poland
719-52-4585	Hubie Siebert	hsiebertno	hsiebertno@illinois.edu	Oracle ERP	?apan¨®w	Poland
538-51-7358	Beth Biner	bbinerks	bbinerks@bloomberg.com	American Sign Language	Le?nica	Poland
838-06-5579	Zulema Candey	zcandey71	zcandey71@163.com	Mineral Exploration	Lipce Reymontowskie	Poland
863-34-7882	Skip Glentz	sglentzah	sglentzah@go.com	BSC	Lipnica	Poland
754-99-5922	Jase Hulles	jhullesp3	jhullesp3@dmoz.org	Aircraft Systems	Ma?kinia G¨®rna	Poland
661-65-9207	Albrecht Jolin	ajolinod	ajolinod@yahoo.co.jp	Copy Typing	Mir¨®w	Poland
389-16-4274	Wenonah Seedull	wseedull60	wseedull60@psu.edu	eEmpact	Nowe Miasto nad Pilic?	Poland
448-36-6107	Tymothy Lutz	tlutzd	tlutzd@booking.com	SMSTS	Nowy Dunin¨®w	Poland
277-97-9486	Iseabal Heggs	iheggscf	iheggscf@senate.gov	Joomla	Ostr¨®wek	Poland
855-56-0527	Franzen Dermott	fdermott17	fdermott17@dion.ne.jp	Public Administration	Piaski	Poland
608-46-9065	Lester Benedit	lbeneditd5	lbeneditd5@oracle.com	Overseas Production	Pokrzywnica	Poland
378-65-6013	Meryl Hiddsley	mhiddsleyeq	mhiddsleyeq@google.ru	Shared Services	Po?omia	Poland
705-82-3373	Perkin Hauxby	phauxbye5	phauxbye5@angelfire.com	Product Life Cycle	Rogowo	Poland
134-03-0439	Ermengarde Blasdale	eblasdalemf	eblasdalemf@virginia.edu	Oenology	Siemiech¨®w	Poland
627-02-2701	Derrik Ploughwright	dploughwrighthu	dploughwrighthu@bravesites.com	Youth Marketing	Sonina	Poland
643-26-2083	Lorraine Oxnam	loxnamo	loxnamo@parallels.com	RDC	?widwin	Poland
661-15-9281	Siouxie Garnall	sgarnalllm	sgarnalllm@cdbaby.com	PMC	Sztum	Poland
224-88-5406	Dorolisa Hryniewicki	dhryniewickidu	dhryniewickidu@simplemachines.org	XP Professional	Tr?bki	Poland
399-24-8673	Renado Domelow	rdomelowk1	rdomelowk1@typepad.com	FBT	Trojan¨®w	Poland
771-88-9430	Reine Bodd	rboddki	rboddki@pinterest.com	WCB	Uherce Mineralne	Poland
574-08-9876	Christie Norsister	cnorsisterh9	cnorsisterh9@jiathis.com	Options	W?oc?awek	Poland
557-46-4336	Zebadiah Hefner	zhefner3f	zhefner3f@twitpic.com	DWBI	Wohy¨½	Poland
340-80-8964	Valera Scirman	vscirmancc	vscirmancc@hugedomains.com	Architectural Illustration	Zakroczym	Poland
617-80-9065	Dulcia Bunkle	dbunkle6b	dbunkle6b@constantcontact.com	Novell	?ar¨®w	Poland
152-29-2186	Hobard Tumility	htumilitymp	htumilitymp@smugmug.com	LDRA	?urowa	Poland
809-23-5355	Romola Di Iorio	rdik4	rdik4@state.gov	Zone Alarm	Achada	Portugal
452-06-5475	Georgia Sidwick	gsidwickqp	gsidwickqp@trellian.com	IBM Tivoli	Agualva	Portugal
171-95-9691	Sophey Lidgett	slidgett7v	slidgett7v@qq.com	Export	Almada	Portugal
176-10-5949	Tricia Wakenshaw	twakenshaw2a	twakenshaw2a@arizona.edu	Jerseys	Andorinha	Portugal
498-82-1169	Fey MacKey	fmackeykz	fmackeykz@people.com.cn	RDz	Bai?o	Portugal
417-75-8333	Hally Trethowan	htrethowaneu	htrethowaneu@jimdo.com	Pensions	Beselga	Portugal
517-99-0489	Ahmad Dunlea	adunleadq	adunleadq@geocities.com	Navy	Cabo de Vila	Portugal
674-32-0610	Carita Ewbach	cewbachbv	cewbachbv@cnet.com	FTSE 100	Charneca da Cotovia	Portugal
421-58-1924	Lucian Munnery	lmunnery54	lmunnery54@1und1.de	PS3	Corredoura	Portugal
283-72-3261	Rafaelita Elcome	relcome1n	relcome1n@g.co	Computer Graphics	Cruz de Pau	Portugal
256-42-8919	Zelda Trethewey	ztrethewey5q	ztrethewey5q@thetimes.co.uk	BPF	Estreito Camara de Lobos	Portugal
514-97-2937	Cheston Bertwistle	cbertwistlej6	cbertwistlej6@berkeley.edu	VPP	Ferreira	Portugal
817-88-8160	Ronald Elliston	relliston2z	relliston2z@facebook.com	JIT	Gandara de Aqu¨¦m	Portugal
468-29-2902	Sax Ardling	sardling53	sardling53@spiegel.de	iWork	G¨®is	Portugal
754-21-0030	Donal Treend	dtreendmt	dtreendmt@nationalgeographic.com	PC Games	Igreja	Portugal
295-96-2637	Phil Tremollet	ptremolletp2	ptremolletp2@webmd.com	Software Documentation	Luso	Portugal
491-01-8621	Gael Lawtey	glawteym5	glawteym5@themeforest.net	Disability Insurance	Olival Basto	Portugal
577-52-1176	Carin Jeves	cjevescm	cjevescm@woothemes.com	PQRI	Outeiro Seco	Portugal
179-41-8301	Ertha Mannix	emannixrd	emannixrd@ted.com	GUI	Pico da Pedra	Portugal
661-15-0450	Emlen Inott	einott4	einott4@pagesperso-orange.fr	QA Engineering	Pomar	Portugal
800-69-9973	Hatty Teek	hteeklr	hteeklr@newsvine.com	FTC	Ponta Delgada	Portugal
572-94-8595	Norris Haisell	nhaisellg9	nhaisellg9@narod.ru	CNN Pathfire	Pontes	Portugal
510-25-5400	Michelle Pedrocco	mpedroccoc7	mpedroccoc7@is.gd	International Shipping	Prainha de Baixo	Portugal
134-64-1338	Karlotta Okenden	kokendenph	kokendenph@usatoday.com	Rational DOORS	Queluz	Portugal
477-12-9316	Gregorius Garlett	ggarlettju	ggarlettju@phoca.cz	PVCS	Ronfe	Portugal
364-47-2709	Teddy Middlebrook	tmiddlebrook8l	tmiddlebrook8l@columbia.edu	Inventory Management	S?o Bartolomeu	Portugal
776-40-7070	Lizzie Bamblett	lbamblett8e	lbamblett8e@behance.net	Basel II	Seara	Portugal
821-53-6984	Olga Willder	owillderir	owillderir@tripod.com	Labor Relations	Souto da Casa	Portugal
413-78-3515	Goldia Watting	gwatting4l	gwatting4l@google.cn	Military Logistics	V¨¢rzea	Portugal
834-66-8065	Rowney Elflain	relflainkf	relflainkf@delicious.com	Nursing Process	Az? Z?a¡®¨¡yin	Qatar
498-50-1931	Enrico Gronauer	egronauerov	egronauerov@opensource.org	MS Excel Pivot Tables	Fuwayri?	Qatar
542-47-3457	Maurie Rawdales	mrawdales8q	mrawdales8q@artisteer.com	PWA	Alzamay	Russia
331-28-0347	Ainslie Galea	agalea19	agalea19@about.me	Pyrosequencing	Ber?za	Russia
789-22-6623	Thorin Cometto	tcomettopp	tcomettopp@netvibes.com	RFP Design	Beringovskiy	Russia
754-39-9350	Isabelle Decroix	idecroixb	idecroixb@rediff.com	ICU	Bezhta	Russia
668-96-1456	Hakeem Barthropp	hbarthropp6s	hbarthropp6s@dedecms.com	Customer Acquisition	Bezhta	Russia
668-90-9157	Thorsten Brislen	tbrislenqo	tbrislenqo@myspace.com	ITIL	Chadan	Russia
165-84-5824	Daffy Hofer	dhofercs	dhofercs@drupal.org	Go-to-market Strategy	Cheremshan	Russia
731-30-6997	Micki Akker	makker4u	makker4u@facebook.com	CDL Class B	Chupa	Russia
665-02-6991	Dido Clemson	dclemsongn	dclemsongn@sakura.ne.jp	SR&amp;ED	Divnomorskoye	Russia
478-35-5768	Odille Bastone	obastoneq5	obastoneq5@ca.gov	PTP	Dno	Russia
289-16-5012	Randi Hayers	rhayers4p	rhayers4p@zdnet.com	JCT	Goryachevodskiy	Russia
467-37-1249	Woodrow Embra	wembrakn	wembrakn@unicef.org	Civil Litigation	Inozemtsevo	Russia
523-81-6793	Fowler Arber	farberku	farberku@netvibes.com	Easily Adaptable	Inya	Russia
701-96-9085	Charo Ind	cindfq	cindfq@dell.com	Surveying	Irkliyevskaya	Russia
310-28-8453	Janet Rider	jrider7h	jrider7h@joomla.org	BGP	Kabardinka	Russia
301-02-7226	Forester Fitchen	ffitchen63	ffitchen63@wikispaces.com	RFQ	Karabash	Russia
307-17-7575	Isis MacCoughan	imaccoughanow	imaccoughanow@twitpic.com	BMC Remedy Ticketing System	Khelyulya	Russia
745-85-6123	Wood Gettins	wgettinsk2	wgettinsk2@tinypic.com	Economic Policy	Kolyshley	Russia
742-33-1740	Vassili Tremellier	vtremellier1i	vtremellier1i@mail.ru	Mplus	Konyshevka	Russia
361-66-4134	Auberta Boddington	aboddingtonl0	aboddingtonl0@usa.gov	Gastroenterology	Konyshevka	Russia
335-59-9447	Jany Thorwarth	jthorwarth64	jthorwarth64@domainmarket.com	GSI	Korobitsyno	Russia
625-32-2911	Tarah Farens	tfarensip	tfarensip@mit.edu	Capital Equipment Sales	Kotovsk	Russia
758-86-6656	Myrah Donohue	mdonohuelk	mdonohuelk@google.it	Erosion	Kurlovo	Russia
272-87-3204	Putnem Spriggen	pspriggenqf	pspriggenqf@ca.gov	Offshore Oil	Kurlovo	Russia
163-53-2223	Binny Paddemore	bpaddemorekh	bpaddemorekh@prlog.org	Supervisory Skills	Lashma	Russia
889-02-5019	Jilli Pheazey	jpheazeypo	jpheazeypo@ovh.net	LCM	Lefortovo	Russia
886-72-0870	George Yanov	gyanovc9	gyanovc9@squidoo.com	SDH	Leninskiy	Russia
400-06-5880	Maurita Crocumbe	mcrocumbeid	mcrocumbeid@yolasite.com	Police	Leshukonskoye	Russia
404-69-8708	Wash Atkin	watkinae	watkinae@go.com	FBCB2	Mamonovo	Russia
677-96-8346	Charleen Suttle	csuttle3d	csuttle3d@techcrunch.com	NHL	Mezhevoy	Russia
643-28-2753	Bee Heiner	bheinerad	bheinerad@washingtonpost.com	RHIA	Mgachi	Russia
134-60-1733	Robin Blaza	rblaza1u	rblaza1u@ocn.ne.jp	MicroStation	Miass	Russia
687-84-5864	Althea McPaik	amcpaik4v	amcpaik4v@omniture.com	Embedded SQL	Neyvo-Rudyanka	Russia
529-71-8097	Jillian Fallanche	jfallanchejz	jfallanchejz@github.com	International Logistics	Nikulino	Russia
456-42-1546	Genny Hogsden	ghogsdenh7	ghogsdenh7@thetimes.co.uk	Network Administration	Novaya Derevnya	Russia
717-60-5027	Robin Hackworthy	rhackworthyn3	rhackworthyn3@naver.com	SQR	Novokhovrino	Russia
335-47-2171	Fiorenze Racine	fracinebn	fracinebn@umn.edu	RVM	Novouzensk	Russia
178-57-0971	Tammy Handling	thandlingq9	thandlingq9@parallels.com	Forecasting	Novyy	Russia
818-46-3672	Fanny Andriesse	fandriessedi	fandriessedi@vistaprint.com	Oil &amp; Gas Accounting	Novyye Cher?mushki	Russia
659-32-6858	Minor Taffurelli	mtaffurelli5x	mtaffurelli5x@wp.com	GBS	Obsharovka	Russia
739-77-9791	Yvor Creffeild	ycreffeildac	ycreffeildac@netlog.com	Kuka	Osa	Russia
641-64-8285	Verla Jacobssen	vjacobssenaj	vjacobssenaj@cnbc.com	JNDI	Ostankinskiy	Russia
854-82-9722	Dorothy Florence	dflorence4a	dflorence4a@thetimes.co.uk	DNA ligation	Overyata	Russia
313-01-6065	Lorena Gierardi	lgierardi7q	lgierardi7q@ucla.edu	Tier II Reporting	Pechenga	Russia
511-84-2275	Ave Harford	aharford3h	aharford3h@redcross.org	SDH	Petrovsk	Russia
369-40-6416	Kirsteni Pascow	kpascowe4	kpascowe4@thetimes.co.uk	Kundalini	Pionerskiy	Russia
729-71-6080	Abigail Copeland	acopeland7a	acopeland7a@wiley.com	Mood Boards	Plavsk	Russia
591-55-6049	Nigel Laybourne	nlaybourne7g	nlaybourne7g@usnews.com	Outdoors	Plavsk	Russia
614-63-4125	Paco Giannoni	pgiannoniha	pgiannoniha@salon.com	21 CFR Part 11	Poretskoye	Russia
776-20-2642	Martguerita Leiden	mleiden7c	mleiden7c@opensource.org	MCSA Security	Pridonskoy	Russia
334-73-5514	Shayna Signori	ssignori4t	ssignori4t@ucoz.com	Logic Pro	Primorka	Russia
546-89-1339	Jaymee Lepope	jlepopepi	jlepopepi@bloglines.com	Criminal Law	Privolzhsk	Russia
570-66-1843	Oby Tschirasche	otschirascheet	otschirascheet@vk.com	DBE	Prokop¡¯yevsk	Russia
136-24-4697	Fiann Emtage	femtagefo	femtagefo@usgs.gov	SBIR	Prosvet	Russia
785-10-9215	Kirbee Hartfleet	khartfleetk0	khartfleetk0@sfgate.com	DTMF	Rybinsk	Russia
603-66-9701	Fairlie Pinwill	fpinwill56	fpinwill56@i2i.jp	CSI	Samagaltay	Russia
296-70-8969	Tiena Butte	tbutter5	tbutter5@godaddy.com	AutoCAD	Sarana	Russia
712-33-9493	Michel Jelfs	mjelfscw	mjelfscw@infoseek.co.jp	Rooms Division	Sel¡¯tso	Russia
296-74-9718	Hermina Northidge	hnorthidgepa	hnorthidgepa@tripod.com	Ocean Transportation	Shumyachi	Russia
760-50-5246	Wylie Klagges	wklaggesj4	wklaggesj4@huffingtonpost.com	Cisco Call Manager	Sovetskiy	Russia
323-12-9787	Les Cranfield	lcranfieldcp	lcranfieldcp@fema.gov	CCNP Certified	Sredniy	Russia
114-14-8995	Arne Labden	alabdencj	alabdencj@princeton.edu	PyUnit	Sukhobuzimskoye	Russia
515-29-0854	Lisbeth Entreis	lentreise6	lentreise6@tamu.edu	Xoops	Sviblovo	Russia
247-15-4513	Saleem Cathersides	scathersideso2	scathersideso2@deliciousdays.com	MLA	Tabuny	Russia
671-11-6338	Penelope Stapele	pstapelef6	pstapelef6@ebay.com	SSH Client	Talnakh	Russia
813-04-7463	Herve O'Crotty	hocrottygv	hocrottygv@storify.com	Umbrellas	Tekstil¡¯shchiki	Russia
898-50-7300	Corbie Tregonna	ctregonnach	ctregonnach@ibm.com	CG Lighting	Temyasovo	Russia
706-91-2299	Zorana Sargerson	zsargersondy	zsargersondy@ox.ac.uk	CBR	Tuapse	Russia
564-76-8657	Travers MacMichael	tmacmichael6i	tmacmichael6i@google.fr	HDRI	Tyumen	Russia
684-74-0313	Alia Paolino	apaolino9s	apaolino9s@unc.edu	IEC 60601	Usman¡¯	Russia
378-42-3218	Ber Tesyro	btesyro44	btesyro44@oakley.com	Avaya Communication Manager	Ust¡¯-Uda	Russia
727-84-3381	Sidonnie Caudrelier	scaudrelier8d	scaudrelier8d@dailymail.co.uk	Hair Care	Vidnoye	Russia
802-41-4459	Margalit Jindrak	mjindrakaz	mjindrakaz@yelp.com	NLRB	Vostryakovo	Russia
657-99-6542	Holt Calyton	hcalyton8y	hcalyton8y@ucoz.ru	PTP	Yazykovo	Russia
234-20-9515	Donnell McClune	dmcclune3p	dmcclune3p@cornell.edu	XQuery	Yermish¡¯	Russia
672-79-3788	Stirling Losty	slostylq	slostylq@t-online.de	Apache Ivy	Yurovka	Russia
261-83-9794	Lolly Savege	lsavege38	lsavege38@wikimedia.org	White Box Testing	Butare	Rwanda
311-59-1971	Salem Clymer	sclymerf3	sclymerf3@paginegialle.it	Student Affairs	Khamis Mushait	Saudi Arabia
583-64-9393	Hilary Toor	htoorh2	htoorh2@facebook.com	CDPE Designation	Matam	Senegal
330-38-4178	Burke Plott	bplotto5	bplotto5@huffingtonpost.com	Job Analysis	Nioro du Rip	Senegal
168-33-0615	Mehetabel Dobson	mdobsonmy	mdobsonmy@about.com	Account Management	?abac	Serbia
440-91-6921	Rasia Hinkens	rhinkensh6	rhinkensh6@addtoany.com	MHE	Vr?ac	Serbia
453-15-5261	Eduino Stebbing	estebbing27	estebbing27@hp.com	Corona SDK	Anse Royale	Seychelles
581-26-7973	Stormie Pargetter	spargetterg1	spargetterg1@youtu.be	JAX-WS	Freetown	Sierra Leone
515-03-0514	Mikey Gurling	mgurlingr2	mgurlingr2@wunderground.com	UDF	Polj?ane	Slovenia
704-98-3274	Heall Lethby	hlethby66	hlethby66@php.net	New Urbanism	?entjur	Slovenia
391-28-2184	Georgia Glayzer	gglayzerpj	gglayzerpj@cisco.com	Digital Media	Vrtojba	Slovenia
713-36-8619	Ladonna Thayre	lthayrehv	lthayrehv@google.nl	DSO	?alec	Slovenia
317-56-0635	Meade Ragsdale	mragsdaleqj	mragsdaleqj@sciencedaily.com	VB.NET	Auki	Solomon Islands
186-50-8008	Aggi Longrigg	alongriggp5	alongriggp5@behance.net	Sheet Metal	Dewetsdorp	South Africa
351-03-1714	Neils Studman	nstudmanrr	nstudmanrr@abc.net.au	eGain	Grahamstown	South Africa
665-19-9843	Aldric Bogie	abogiegt	abogiegt@mysql.com	FCC License	Mpumalanga	South Africa
496-16-2503	Fianna Kimblin	fkimblinhj	fkimblinhj@google.com.hk	Cardiology	Paulpietersburg	South Africa
835-53-3224	Normy Shawyer	nshawyere1	nshawyere1@ftc.gov	LS-DYNA	Virginia	South Africa
277-68-7273	Ignaz Mitchiner	imitchinermn	imitchinermn@omniture.com	Dtrace	Vredendal	South Africa
285-26-0049	Selby Yoslowitz	syoslowitzbo	syoslowitzbo@theatlantic.com	Eye Tracking	Wartburg	South Africa
328-22-8514	Betteanne Adamides	badamideskm	badamideskm@gnu.org	Dynamic Speaker	Williston	South Africa
599-56-4978	Stafford Mulkerrins	smulkerrinse2	smulkerrinse2@walmart.com	PET-CT	Sindong	South Korea
750-46-2183	Bird Gilroy	bgilroy39	bgilroy39@google.com	HP XP	Bentiu	South Sudan
310-54-1308	Leanna Dreger	ldreger4b	ldreger4b@smh.com.au	Chamber Music	Ceuta	Spain
343-69-7511	Tarrance Elam	telamec	telamec@cloudflare.com	Sports Play-by-play	Pontevedra	Spain
660-69-7148	Mano Vause	mvausejt	mvausejt@smh.com.au	Russian	Panadura	Sri Lanka
455-79-6693	Skipper Fairest	sfairestqa	sfairestqa@google.co.jp	MPLS	Shanjeev Home	Sri Lanka
384-02-0462	Roma Gallegos	rgallegosjk	rgallegosjk@smugmug.com	HDMI	?ngelholm	Sweden
399-88-3875	Sibylla McCartan	smccartan3l	smccartan3l@wunderground.com	TNS	Bandhagen	Sweden
187-47-2504	Towney Courteney	tcourteney5p	tcourteney5p@si.edu	IASO	Bor?s	Sweden
489-28-6606	Hattie Swancock	hswancockhl	hswancockhl@si.edu	HTML Scripting	Ed	Sweden
684-20-0583	Analiese Skains	askainsgg	askainsgg@npr.org	DTA	Finsp?ng	Sweden
298-67-0871	Fair Govenlock	fgovenlock13	fgovenlock13@wikimedia.org	Brand Architecture	Gislaved	Sweden
664-67-4613	Reece Pittendreigh	rpittendreigh58	rpittendreigh58@geocities.jp	Songwriting	G?teborg	Sweden
586-99-0157	Gregoire Choat	gchoat8s	gchoat8s@nifty.com	Kyocera	G?teborg	Sweden
649-75-1981	Robbie Plumbridge	rplumbridgec4	rplumbridgec4@marketwatch.com	Volunteer Management	G?teborg	Sweden
167-60-6003	Hernando Gianetti	hgianetti79	hgianetti79@nba.com	RTCP	Helsingborg	Sweden
339-06-0822	Cora Coley	ccoleyi9	ccoleyi9@indiegogo.com	NSLDS	J?rf?lla	Sweden
800-54-0948	Venus Swindin	vswindinaa	vswindinaa@ebay.com	RMX	Lidk?ping	Sweden
391-33-6563	Orren Crayden	ocraydenj1	ocraydenj1@wix.com	Talent Booking	Lidk?ping	Sweden
729-33-9496	Dew Coarser	dcoarser14	dcoarser14@ihg.com	ABAP	Link?ping	Sweden
436-68-1468	Marthe Larive	mlarive3q	mlarive3q@pbs.org	Environmental Science	S?derhamn	Sweden
746-14-0675	Alis Escalante	aescalantenb	aescalantenb@livejournal.com	Operational Oversight	S?derhamn	Sweden
584-26-4673	Anny Hinrich	ahinrichih	ahinrichih@instagram.com	Vulnerability Scanning	S?dert?lje	Sweden
312-33-1181	Aylmar Nolan	anolank	anolank@ebay.com	DNP3	Stockholm	Sweden
450-30-5683	Rossy Ellaman	rellaman8k	rellaman8k@vk.com	Immunology	Stockholm	Sweden
464-14-2383	Carleen Offner	coffnereo	coffnereo@ed.gov	Oracle RAC	Stockholm	Sweden
158-04-8621	Meyer Sugars	msugarskd	msugarskd@twitpic.com	Karl Fisher	Uppsala	Sweden
142-99-1088	Augustine Vercruysse	avercruyssefj	avercruyssefj@scientificamerican.com	Hair Care	V?rby	Sweden
263-49-8568	Jillana Patshull	jpatshullhq	jpatshullhq@fotki.com	WHIMS	V?ster?s	Sweden
321-56-5675	Storm Pancoust	spancoustb4	spancoustb4@dyndns.org	Transportation Management	V?stra Fr?lunda	Sweden
520-96-9179	Lilian Storrier	lstorrier6q	lstorrier6q@linkedin.com	Team Building	Z¨¹rich	Switzerland
633-79-3633	Sela Arias	sariasl5	sariasl5@bbc.co.uk	Geophysics	Z¨¹rich	Switzerland
712-05-2337	Alfreda Gallo	agallo8c	agallo8c@salon.com	DDoS Mitigation	Akhtar¨©n	Syria
643-61-5131	Herb Lippatt	hlippattjo	hlippattjo@tripod.com	EELS	Al Bahl¨±l¨©yah	Syria
812-73-9084	Angelica McShirie	amcshiriel8	amcshiriel8@instagram.com	NT 4.0	?urayt¨¡n	Syria
413-79-5972	Sile Marcome	smarcomerk	smarcomerk@tuttocitta.it	Simulations	Jablah	Syria
347-16-4621	Annabal Aikin	aaikinhp	aaikinhp@cdbaby.com	BSF	Sabbah	Syria
845-47-3324	Derick Whiles	dwhiles1h	dwhiles1h@google.es	Law Enforcement	Tall Rif¡®at	Syria
527-06-2152	Yuma St Clair	yst59	yst59@businesswire.com	NYMEX	Ayn¨ª	Tajikistan
278-37-0564	Oby Kuhnt	okuhnth5	okuhnth5@sohu.com	Visio	Gharav?t¨ª	Tajikistan
294-44-6345	Marline O' Faherty	mo1f	mo1f@yale.edu	DNV	Neftobod	Tajikistan
105-46-2462	Mylo Giacomoni	mgiacomoni26	mgiacomoni26@timesonline.co.uk	NDT	Proletar	Tajikistan
391-22-6658	Wernher Hearfield	whearfieldg7	whearfieldg7@blog.com	DTT	Vose¡¯	Tajikistan
857-56-1454	Jo ann Hazelhurst	jann6z	jann6z@cnbc.com	Group Therapy	Dar es Salaam	Tanzania
241-13-9146	Anallise Pordal	apordal3a	apordal3a@ucoz.com	JSR 168	Ban Lam Luk Ka	Thailand
647-96-6329	Brent Bowler	bbowler2v	bbowler2v@tmall.com	Blogging	Ban Takhun	Thailand
103-43-1108	Phoebe Yakubov	pyakubov1v	pyakubov1v@cmu.edu	Multi-Unit Management	Ban Thaen	Thailand
406-37-6457	Penelope Wherrett	pwherrett8v	pwherrett8v@sourceforge.net	EOQ	Bang Ban	Thailand
366-83-4144	Elfie Bonnick	ebonnicklt	ebonnicklt@yahoo.co.jp	Photoshop	Bang Klam	Thailand
824-13-3305	Celine Rawkesby	crawkesby6d	crawkesby6d@baidu.com	LDD	Borabue	Thailand
754-04-7147	Viki Battams	vbattams9p	vbattams9p@google.com	Employee Handbooks	Krabi	Thailand
313-22-5582	Lyda Balm	lbalm99	lbalm99@nih.gov	Politics	Muang Sam Sip	Thailand
887-98-4044	Clevie McGettigan	cmcgettiganp6	cmcgettiganp6@china.com.cn	CXO	Nam Som	Thailand
850-67-7406	David Collinson	dcollinsonnm	dcollinsonnm@businessinsider.com	SSL Certificates	Phra Phutthabat	Thailand
662-25-4843	Nisse Finlry	nfinlry7j	nfinlry7j@flavors.me	UHV	Phu Kradueng	Thailand
307-52-0018	Isacco Rojahn	irojahnim	irojahnim@columbia.edu	Piano	Prakhon Chai	Thailand
419-85-0008	Theresita Hargreave	thargreavehz	thargreavehz@mac.com	Sports Play-by-play	San Pa Tong	Thailand
568-47-3067	Hillel Kubin	hkubinn1	hkubinn1@eepurl.com	Copy Editing	Uthai Thani	Thailand
553-73-0314	Lola Dowsett	ldowsettp1	ldowsettp1@zimbio.com	Equity Valuation	Ar Rudayyif	Tunisia
460-94-0270	Gretel Izod	gizodka	gizodka@indiatimes.com	FFA	Bizerte	Tunisia
292-43-4806	Bryant Kondrachenko	bkondrachenko1r	bkondrachenko1r@un.org	Oil Sands	El Kef	Tunisia
186-34-3406	Maure Mutton	mmutton6n	mmutton6n@etsy.com	Ultrafiltration	Jendouba	Tunisia
624-84-8553	Queenie Chamberlain	qchamberlainf5	qchamberlainf5@cdbaby.com	Kubuntu	Korba	Tunisia
527-13-0160	Mac Grinnikov	mgrinnikovql	mgrinnikovql@rambler.ru	Functional Specifications	Menzel Abderhaman	Tunisia
357-92-7201	Perren Roughsedge	proughsedgei2	proughsedgei2@xrea.com	Keyword Research	Sbikha	Tunisia
584-37-7255	Aubrie Collcott	acollcott41	acollcott41@wired.com	Newspapers	Yenik?y	Turkey
358-73-2257	Addy Schachter	aschachtera8	aschachtera8@upenn.edu	SRM 5.0	Ye?ilk?y	Turkey
218-56-5455	Krissie Warriner	kwarrinerbc	kwarrinerbc@china.com.cn	SQL Server Management Studio	Bayramaly	Turkmenistan
387-95-8166	Savina Girault	sgiraultmi	sgiraultmi@theatlantic.com	Pianist	B¨¹zmeyin	Turkmenistan
548-47-0840	Maddalena Gurys	mguryslh	mguryslh@bloglines.com	Unreal Editor	Mary	Turkmenistan
429-92-7473	Kelcy MacCrachen	kmaccrachengz	kmaccrachengz@cafepress.com	Eblasts	Kanungu	Uganda
727-25-1826	Svend Dzeniskevich	sdzeniskevich8g	sdzeniskevich8g@1und1.de	NFL	Mayuge	Uganda
661-79-3665	Regina MacGarrity	rmacgarrityil	rmacgarrityil@google.de	Powder X-ray Diffraction	Andrushivka	Ukraine
566-51-3998	Donalt Sanchis	dsanchisbh	dsanchisbh@scribd.com	Political Science	Berezne	Ukraine
543-32-4743	Reinhard Glastonbury	rglastonbury62	rglastonbury62@amazon.co.uk	EHS	Bilohirs¡¯k	Ukraine
638-10-7153	Bellina Bumphries	bbumphriesiq	bbumphriesiq@qq.com	Key Account Management	Brylivka	Ukraine
214-09-4928	Karlotta Golling	kgolling3x	kgolling3x@nyu.edu	NPL	Kalynivka	Ukraine
192-88-7149	Cesare Huffey	chuffeyoc	chuffeyoc@phoca.cz	Visual Identity	Khorostkiv	Ukraine
142-59-2672	Pepito Slator	pslator4f	pslator4f@cisco.com	CNAS	Novovolyns¡¯k	Ukraine
745-96-5953	Brion Birchenhead	bbirchenheadnc	bbirchenheadnc@360.cn	Gstreamer	Obodivka	Ukraine
445-36-7034	Danny Paolazzi	dpaolazzik9	dpaolazzik9@boston.com	Fit-out	Oleksandriya	Ukraine
200-99-1708	Dixie Philbin	dphilbincb	dphilbincb@pbs.org	Outdoor Advertising	Onokivtsi	Ukraine
548-57-0387	Reinhard Cristobal	rcristobalq6	rcristobalq6@sphinn.com	Team Mgmt	Sarata	Ukraine
472-62-9880	Hephzibah Petkov	hpetkov3u	hpetkov3u@tiny.cc	ADP HRB	Skole	Ukraine
273-89-3252	Yasmeen Twist	ytwistc1	ytwistc1@godaddy.com	Volunteer Training	Soledar	Ukraine
410-15-5085	Emili Stembridge	estembridge1j	estembridge1j@oracle.com	Hazard Identification	Stetseva	Ukraine
883-19-7263	Salvidor Overil	soveril7s	soveril7s@purevolume.com	HTML Help Workshop	Stetseva	Ukraine
160-45-3762	Verile Matthewes	vmattheweso7	vmattheweso7@goo.gl	Guitar Playing	Storozhnytsya	Ukraine
557-26-4742	Legra O' Byrne	lodz	lodz@google.com.au	Budgets	Tatarbunary	Ukraine
786-62-2544	Kennith Batthew	kbatthewom	kbatthewom@infoseek.co.jp	US GAAP	Uspenka	Ukraine
396-24-3442	Derby Allott	dallottoo	dallottoo@whitehouse.gov	Immunohistochemistry	Verkhniy Yasenov	Ukraine
335-86-9015	Idaline Thorowgood	ithorowgood5d	ithorowgood5d@ocn.ne.jp	VHF	Vynohradove	Ukraine
157-54-3613	Hugibert Domoney	hdomoneymh	hdomoneymh@yellowbook.com	NMT	Zhuravka	Ukraine
280-01-1071	Baxie Livermore	blivermore36	blivermore36@comcast.net	Art History	Brampton	United Kingdom
416-06-3644	Moritz Popland	mpoplandex	mpoplandex@homestead.com	Airline Management	Leeds	United Kingdom
556-30-8453	Bradney Gert	bgert90	bgert90@epa.gov	Supporting Others	Alhambra	United States
688-67-3171	Erroll Morsey	emorseyff	emorseyff@xing.com	Account Management	Billings	United States
229-25-2751	Rudie McGuff	rmcguffbp	rmcguffbp@multiply.com	ISO 9001	Charlotte	United States
372-60-8116	Fayre Derl	fderldn	fderldn@vk.com	NLTK	Cincinnati	United States
153-49-1221	Van Ysson	vysson75	vysson75@storify.com	MMS	Erie	United States
201-47-1364	Raphaela Edgeley	redgeleyco	redgeleyco@nasa.gov	Front-end	Erie	United States
133-73-2347	Max Skeen	mskeenjy	mskeenjy@mapquest.com	Variable Frequency Drives	Fort Worth	United States
308-37-9460	Axel Mulloch	amullochqb	amullochqb@mayoclinic.com	RVM	Knoxville	United States
477-97-6662	Eberto Wythill	ewythillao	ewythillao@about.me	HDLC	Las Vegas	United States
567-01-7829	Gibbie Forkan	gforkanab	gforkanab@amazon.com	Cyber-security	Los Angeles	United States
543-29-5018	Mead Haseldine	mhaseldineol	mhaseldineol@typepad.com	Urban Design	Los Angeles	United States
634-02-4672	Kali Loughren	kloughrendh	kloughrendh@tuttocitta.it	Petroleum	Louisville	United States
312-59-8525	Sherm Liggons	sliggonsag	sliggonsag@youtu.be	OASIS	Memphis	United States
515-23-9191	Andrea Biasioli	abiasioli5a	abiasioli5a@aboutads.info	Music Industry	Mobile	United States
435-28-8159	Goldi Bridewell	gbridewelllj	gbridewelllj@booking.com	Traditional IRA	Mobile	United States
804-74-3507	Tommi Gethouse	tgethousef4	tgethousef4@amazon.de	Hypnotherapy	New Orleans	United States
626-28-4946	Bevon Swansbury	bswansburyr3	bswansburyr3@ox.ac.uk	Cyberlaw	Oceanside	United States
436-85-3415	Anita Toth	atothqv	atothqv@census.gov	SMO	Orlando	United States
634-52-0660	Burl Koppel	bkoppelqw	bkoppelqw@printfriendly.com	Pyrotechnics	Richmond	United States
195-28-1847	Orbadiah Chate	ochatemu	ochatemu@123-reg.co.uk	PPMS	Sacramento	United States
696-42-3971	Amandy Pitts	apittsfr	apittsfr@alibaba.com	Jazz Dance	San Antonio	United States
719-23-8667	Loree Loomes	lloomesy	lloomesy@earthlink.net	IBS	San Diego	United States
109-27-1966	Colman Tuohy	ctuohyfg	ctuohyfg@columbia.edu	Client Aquisition	San Francisco	United States
708-63-8316	Consuelo Westwater	cwestwateram	cwestwateram@apple.com	Medical Education	Stamford	United States
346-22-0110	Nels Yglesia	nyglesiamx	nyglesiamx@wix.com	TV series	Sterling	United States
324-59-2242	Norrie Klaff	nklaffbd	nklaffbd@wp.com	Wealth Management	Washington	United States
232-89-3286	Nikolas Anscott	nanscottn	nanscottn@mit.edu	DBUnit	Santa Bernardina	Uruguay
695-14-7710	Sorcha Pattle	spattle42	spattle42@miibeian.gov.cn	Vocational Rehabilitation	Q?shk?pir	Uzbekistan
306-15-9190	Pepita Eager	peagernn	peagernn@purevolume.com	Asset Protection	Aragua de Barcelona	Venezuela
771-21-5450	Wendel Govern	wgovernn4	wgovernn4@yahoo.co.jp	RTSP	Cumanacoa	Venezuela
522-21-2219	Loutitia Summerscales	lsummerscalesp4	lsummerscalesp4@go.com	WLL	El Vig¨ªa	Venezuela
600-52-1814	Marlow O'Crigane	mocriganeqs	mocriganeqs@plala.or.jp	Tires	Jacura	Venezuela
880-03-1689	Millie Apfel	mapfel6h	mapfel6h@angelfire.com	Westlaw	Las Mesas	Venezuela
126-21-5924	Lesley Chessell	lchessellii	lchessellii@usnews.com	Epistemology	Lecher¨ªas	Venezuela
242-12-1191	Ransell Beddall	rbeddalldd	rbeddalldd@slate.com	TCLEOSE Instruction	Los Dos Caminos	Venezuela
614-25-0877	Cal Filyushkin	cfilyushkini0	cfilyushkini0@360.cn	Online Marketing	Sabana Grande	Venezuela
694-77-1380	Sadye Kynan	skynanbt	skynanbt@jugem.jp	VSP 4	San Juan Bautista	Venezuela
648-61-1411	Alis Logsdail	alogsdailo9	alogsdailo9@cisco.com	Sponsorship	Tinaco	Venezuela
523-20-3572	Alvis Dryden	adrydencz	adrydencz@friendfeed.com	Static Timing Analysis	C¨¢i D?u	Vietnam
548-69-4379	Redd Salmoni	rsalmonikw	rsalmonikw@rambler.ru	Sage ERP X3	??ng Th¨¤nh	Vietnam
424-10-9689	Margery Potteridge	mpotteridge5y	mpotteridge5y@pbs.org	SVOD	Li¨ºn Chi?u	Vietnam
532-28-2218	Guthrie Emmitt	gemmittoi	gemmittoi@irs.gov	LDD	Tha?nh My?	Vietnam
836-59-8096	Diann Teers	dteers5f	dteers5f@wordpress.org	Technical Support	V?n Giang	Vietnam
135-11-8157	Saunder Grimshaw	sgrimshaw2s	sgrimshaw2s@mashable.com	XDoclet	Al ?azm	Yemen
824-10-1435	Julieta Grote	jgrotejg	jgrotejg@omniture.com	Child Development	Al Khir¨¡b	Yemen
500-68-5144	Kellina Haffard	khaffard9u	khaffard9u@lycos.com	PDP	Al Mun¨©rah	Yemen
140-23-2151	Marti Domenichelli	mdomenichellied	mdomenichellied@census.gov	Keyword Research	B¨¡qim as S¨±q	Yemen
438-45-3131	Joelynn Sineath	jsineath5v	jsineath5v@theguardian.com	XUL	Ra?ad	Yemen
